Date,Open,High,Low,Close,Volume,Dividends,Stock Splits,Capital Gains,Repaired?,"('Close', 'ANR')","('High', 'ANR')","('Low', 'ANR')","('Open', 'ANR')","('Volume', 'ANR')","('Close', 'ANR').1","('High', 'ANR').1","('Low', 'ANR').1","('Open', 'ANR').1","('Volume', 'ANR').1","('Close', 'ANR')","('High', 'ANR')","('Low', 'ANR')","('Open', 'ANR')","('Volume', 'ANR')"
2019-02-12,16.500000655651093,21.230000257492065,13.30000013113022,20.499999821186066,18037.0,0.0,0.0,0.0,True,,,,,,,,,,,,,,,
2019-02-13,20.499999821186066,20.499999821186066,20.499999821186066,20.499999821186066,0.0,0.0,0.0,0.0,True,,,,,,,,,,,,,,,
2019-02-14,20.499999821186066,22.599999606609344,17.29999929666519,20.499999821186066,393.0,0.0,0.0,0.0,True,,,,,,,,,,,,,,,
2019-02-15,20.499999821186066,22.599999606609344,17.29999929666519,20.499999821186066,5510.0,0.0,0.0,0.0,True,,,,,,,,,,,,,,,
2019-02-19,20.499999821186066,20.499999821186066,20.499999821186066,20.499999821186066,0.0,0.0,0.0,0.0,True,,,,,,,,,,,,,,,
2019-02-20,20.499999821186066,20.499999821186066,18.000000715255737,20.499999821186066,6446.0,0.0,0.0,0.0,True,,,,,,,,,,,,,,,
2019-02-21,20.499999821186066,20.499999821186066,20.499999821186066,20.499999821186066,0.0,0.0,0.0,0.0,True,,,,,,,,,,,,,,,
2019-02-22,20.499999821186066,20.499999821186066,18.000000715255737,20.499999821186066,181.0,0.0,0.0,0.0,True,,,,,,,,,,,,,,,
2019-02-25,20.499999821186066,20.499999821186066,18.000000715255737,20.499999821186066,639.0,0.0,0.0,0.0,True,,,,,,,,,,,,,,,
2019-02-26,20.499999821186066,20.499999821186066,18.000000715255737,20.499999821186066,4.0,0.0,0.0,0.0,True,,,,,,,,,,,,,,,
2019-02-27,20.499999821186066,25.0,20.499999821186066,23.499999940395355,18016.0,0.0,0.0,0.0,True,,,,,,,,,,,,,,,
2019-02-28,23.499999940395355,23.499999940395355,23.499999940395355,23.499999940395355,0.0,0.0,0.0,0.0,True,,,,,,,,,,,,,,,
2019-03-01,23.499999940395355,23.499999940395355,21.699999272823334,23.499999940395355,62.0,0.0,0.0,0.0,True,,,,,,,,,,,,,,,
2019-03-04,23.499999940395355,23.499999940395355,21.699999272823334,23.499999940395355,1700.0,0.0,0.0,0.0,True,,,,,,,,,,,,,,,
2019-03-05,23.499999940395355,23.499999940395355,23.499999940395355,23.499999940395355,0.0,0.0,0.0,0.0,True,,,,,,,,,,,,,,,
2019-03-06,23.499999940395355,23.499999940395355,23.499999940395355,23.499999940395355,0.0,0.0,0.0,0.0,True,,,,,,,,,,,,,,,
2019-03-07,23.499999940395355,23.499999940395355,21.699999272823334,23.499999940395355,612.0,0.0,0.0,0.0,True,,,,,,,,,,,,,,,
2019-03-08,23.499999940395355,23.499999940395355,21.699999272823334,23.499999940395355,613.0,0.0,0.0,0.0,True,,,,,,,,,,,,,,,
2019-03-11,23.499999940395355,23.499999940395355,23.499999940395355,23.499999940395355,0.0,0.0,0.0,0.0,True,,,,,,,,,,,,,,,
2019-03-12,23.499999940395355,23.499999940395355,21.699999272823334,23.499999940395355,56.0,0.0,0.0,0.0,True,,,,,,,,,,,,,,,
2019-03-13,23.499999940395355,23.499999940395355,23.499999940395355,23.499999940395355,0.0,0.0,0.0,0.0,True,,,,,,,,,,,,,,,
2019-03-14,23.499999940395355,23.499999940395355,23.499999940395355,23.499999940395355,0.0,0.0,0.0,0.0,True,,,,,,,,,,,,,,,
2019-03-15,23.499999940395355,23.499999940395355,21.699999272823334,23.499999940395355,7.0,0.0,0.0,0.0,True,,,,,,,,,,,,,,,
2019-03-18,23.499999940395355,23.499999940395355,23.499999940395355,23.499999940395355,0.0,0.0,0.0,0.0,True,,,,,,,,,,,,,,,
2019-03-19,23.499999940395355,23.499999940395355,21.699999272823334,23.499999940395355,9.0,0.0,0.0,0.0,True,,,,,,,,,,,,,,,
2019-03-20,23.499999940395355,23.499999940395355,21.699999272823334,23.499999940395355,3109.0,0.0,0.0,0.0,True,,,,,,,,,,,,,,,
2019-03-21,23.499999940395355,23.499999940395355,20.000000298023224,23.499999940395355,10033.0,0.0,0.0,0.0,True,,,,,,,,,,,,,,,
2019-03-22,23.499999940395355,25.999999046325684,20.100000500679016,23.499999940395355,409.0,0.0,0.0,0.0,True,,,,,,,,,,,,,,,
2019-03-25,23.499999940395355,23.499999940395355,23.499999940395355,23.499999940395355,0.0,0.0,0.0,0.0,True,,,,,,,,,,,,,,,
2019-03-26,23.499999940395355,23.499999940395355,23.499999940395355,23.499999940395355,0.0,0.0,0.0,0.0,True,,,,,,,,,,,,,,,
2019-03-27,23.499999940395355,23.499999940395355,23.499999940395355,23.499999940395355,0.0,0.0,0.0,0.0,True,,,,,,,,,,,,,,,
2019-03-28,23.499999940395355,23.499999940395355,20.100000500679016,23.499999940395355,80.0,0.0,0.0,0.0,True,,,,,,,,,,,,,,,
2019-03-29,23.499999940395355,23.499999940395355,23.499999940395355,23.499999940395355,0.0,0.0,0.0,0.0,True,,,,,,,,,,,,,,,
2019-04-01,23.499999940395355,23.499999940395355,23.499999940395355,23.499999940395355,0.0,0.0,0.0,0.0,True,,,,,,,,,,,,,,,
2019-04-02,23.499999940395355,23.499999940395355,23.499999940395355,23.499999940395355,0.0,0.0,0.0,0.0,True,,,,,,,,,,,,,,,
2019-04-03,23.499999940395355,23.499999940395355,20.000000298023224,23.499999940395355,70.0,0.0,0.0,0.0,True,,,,,,,,,,,,,,,
2019-04-04,23.499999940395355,23.499999940395355,23.499999940395355,23.499999940395355,0.0,0.0,0.0,0.0,True,,,,,,,,,,,,,,,
2019-04-05,23.499999940395355,25.999999046325684,23.499999940395355,23.499999940395355,5000.0,0.0,0.0,0.0,True,,,,,,,,,,,,,,,
2019-04-08,23.499999940395355,23.499999940395355,23.499999940395355,23.499999940395355,0.0,0.0,0.0,0.0,True,,,,,,,,,,,,,,,
2019-04-09,23.499999940395355,23.499999940395355,20.000000298023224,23.499999940395355,37.0,0.0,0.0,0.0,True,,,,,,,,,,,,,,,
2019-04-10,23.499999940395355,23.499999940395355,23.499999940395355,23.499999940395355,0.0,0.0,0.0,0.0,True,,,,,,,,,,,,,,,
2019-04-11,23.499999940395355,23.499999940395355,23.499999940395355,23.499999940395355,0.0,0.0,0.0,0.0,True,,,,,,,,,,,,,,,
2019-04-12,23.499999940395355,23.499999940395355,23.499999940395355,23.499999940395355,0.0,0.0,0.0,0.0,True,,,,,,,,,,,,,,,
2019-04-15,23.499999940395355,23.499999940395355,23.499999940395355,23.499999940395355,0.0,0.0,0.0,0.0,True,,,,,,,,,,,,,,,
2019-04-16,23.499999940395355,23.499999940395355,23.499999940395355,23.499999940395355,0.0,0.0,0.0,0.0,True,,,,,,,,,,,,,,,
2019-04-17,23.499999940395355,23.499999940395355,20.000000298023224,23.499999940395355,3135.0,0.0,0.0,0.0,True,,,,,,,,,,,,,,,
2019-04-18,23.499999940395355,23.499999940395355,20.100000500679016,23.499999940395355,250.0,0.0,0.0,0.0,True,,,,,,,,,,,,,,,
2019-04-22,23.499999940395355,23.499999940395355,23.499999940395355,23.499999940395355,0.0,0.0,0.0,0.0,True,,,,,,,,,,,,,,,
2019-04-23,23.499999940395355,23.499999940395355,20.100000500679016,23.499999940395355,3.0,0.0,0.0,0.0,True,,,,,,,,,,,,,,,
2019-04-24,23.499999940395355,23.499999940395355,20.000000298023224,23.499999940395355,2123.0,0.0,0.0,0.0,True,,,,,,,,,,,,,,,
2019-04-25,23.499999940395355,23.499999940395355,20.100000500679016,23.499999940395355,30.0,0.0,0.0,0.0,True,,,,,,,,,,,,,,,
2019-04-26,23.499999940395355,23.499999940395355,15.999999642372131,20.000000298023224,16574.0,0.0,0.0,0.0,True,,,,,,,,,,,,,,,
2019-04-29,20.000000298023224,20.000000298023224,20.000000298023224,20.000000298023224,0.0,0.0,0.0,0.0,True,,,,,,,,,,,,,,,
2019-04-30,20.000000298023224,20.000000298023224,17.20000058412552,20.000000298023224,13.0,0.0,0.0,0.0,True,,,,,,,,,,,,,,,
2019-05-01,20.000000298023224,20.000000298023224,20.000000298023224,20.000000298023224,0.0,0.0,0.0,0.0,True,,,,,,,,,,,,,,,
2019-05-02,20.000000298023224,20.000000298023224,17.20000058412552,20.000000298023224,524.0,0.0,0.0,0.0,True,,,,,,,,,,,,,,,
2019-05-03,20.000000298023224,20.000000298023224,17.20000058412552,20.000000298023224,2000.0,0.0,0.0,0.0,True,,,,,,,,,,,,,,,
2019-05-06,20.000000298023224,20.000000298023224,20.000000298023224,20.000000298023224,0.0,0.0,0.0,0.0,True,,,,,,,,,,,,,,,
2019-05-07,20.000000298023224,20.000000298023224,20.000000298023224,20.000000298023224,0.0,0.0,0.0,0.0,True,,,,,,,,,,,,,,,
2019-05-08,20.000000298023224,20.000000298023224,17.20000058412552,20.000000298023224,2500.0,0.0,0.0,0.0,True,,,,,,,,,,,,,,,
2019-05-09,20.000000298023224,20.000000298023224,20.000000298023224,20.000000298023224,0.0,0.0,0.0,0.0,True,,,,,,,,,,,,,,,
2019-05-10,20.000000298023224,20.000000298023224,20.000000298023224,20.000000298023224,0.0,0.0,0.0,0.0,True,,,,,,,,,,,,,,,
2019-05-13,20.000000298023224,20.000000298023224,17.20000058412552,20.000000298023224,174.0,0.0,0.0,0.0,True,,,,,,,,,,,,,,,
2019-05-14,20.000000298023224,20.000000298023224,17.20000058412552,20.000000298023224,741.0,0.0,0.0,0.0,True,,,,,,,,,,,,,,,
2019-05-15,20.000000298023224,20.000000298023224,20.000000298023224,20.000000298023224,0.0,0.0,0.0,0.0,True,,,,,,,,,,,,,,,
2019-05-16,20.000000298023224,20.000000298023224,17.20000058412552,20.000000298023224,74.0,0.0,0.0,0.0,True,,,,,,,,,,,,,,,
2019-05-17,20.000000298023224,20.000000298023224,17.20000058412552,20.000000298023224,7352.0,0.0,0.0,0.0,True,,,,,,,,,,,,,,,
2019-05-20,20.000000298023224,20.000000298023224,20.000000298023224,20.000000298023224,0.0,0.0,0.0,0.0,True,,,,,,,,,,,,,,,
2019-05-21,20.000000298023224,20.000000298023224,20.000000298023224,20.000000298023224,0.0,0.0,0.0,0.0,True,,,,,,,,,,,,,,,
2019-05-22,20.000000298023224,20.000000298023224,17.20000058412552,20.000000298023224,3899.0,0.0,0.0,0.0,True,,,,,,,,,,,,,,,
2019-05-23,20.000000298023224,20.000000298023224,20.000000298023224,20.000000298023224,0.0,0.0,0.0,0.0,True,,,,,,,,,,,,,,,
2019-05-24,20.000000298023224,20.000000298023224,17.000000178813934,20.000000298023224,129.0,0.0,0.0,0.0,True,,,,,,,,,,,,,,,
2019-05-28,20.000000298023224,20.000000298023224,17.000000178813934,20.000000298023224,215.0,0.0,0.0,0.0,True,,,,,,,,,,,,,,,
2019-05-29,20.000000298023224,20.000000298023224,20.000000298023224,20.000000298023224,0.0,0.0,0.0,0.0,True,,,,,,,,,,,,,,,
2019-05-30,20.000000298023224,20.000000298023224,17.000000178813934,20.000000298023224,89.0,0.0,0.0,0.0,True,,,,,,,,,,,,,,,
2019-05-31,20.000000298023224,20.000000298023224,20.000000298023224,20.000000298023224,0.0,0.0,0.0,0.0,True,,,,,,,,,,,,,,,
2019-06-03,20.000000298023224,20.000000298023224,20.000000298023224,20.000000298023224,0.0,0.0,0.0,0.0,True,,,,,,,,,,,,,,,
2019-06-04,20.000000298023224,20.000000298023224,17.000000178813934,20.000000298023224,8.0,0.0,0.0,0.0,True,,,,,,,,,,,,,,,
2019-06-05,20.000000298023224,20.000000298023224,20.000000298023224,20.000000298023224,0.0,0.0,0.0,0.0,True,,,,,,,,,,,,,,,
2019-06-06,20.000000298023224,20.000000298023224,20.000000298023224,20.000000298023224,0.0,0.0,0.0,0.0,True,,,,,,,,,,,,,,,
2019-06-07,20.000000298023224,20.000000298023224,17.000000178813934,20.000000298023224,3.0,0.0,0.0,0.0,True,,,,,,,,,,,,,,,
2019-06-10,20.000000298023224,20.000000298023224,20.000000298023224,20.000000298023224,0.0,0.0,0.0,0.0,True,,,,,,,,,,,,,,,
2019-06-11,20.000000298023224,20.000000298023224,12.999999523162842,14.000000059604645,15000.0,0.0,0.0,0.0,True,,,,,,,,,,,,,,,
2019-06-12,14.000000059604645,14.000000059604645,14.000000059604645,14.000000059604645,0.0,0.0,0.0,0.0,True,,,,,,,,,,,,,,,
2019-06-13,14.000000059604645,14.000000059604645,14.000000059604645,14.000000059604645,0.0,0.0,0.0,0.0,True,,,,,,,,,,,,,,,
2019-06-14,14.000000059604645,14.000000059604645,12.999999523162842,14.000000059604645,4.0,0.0,0.0,0.0,True,,,,,,,,,,,,,,,
2019-06-17,14.000000059604645,14.000000059604645,12.999999523162842,14.000000059604645,107.0,0.0,0.0,0.0,True,,,,,,,,,,,,,,,
2019-06-18,14.000000059604645,14.000000059604645,12.999999523162842,14.000000059604645,1.0,0.0,0.0,0.0,True,,,,,,,,,,,,,,,
2019-06-19,14.000000059604645,14.000000059604645,12.999999523162842,14.000000059604645,67.0,0.0,0.0,0.0,True,,,,,,,,,,,,,,,
2019-06-20,14.000000059604645,14.000000059604645,14.000000059604645,14.000000059604645,0.0,0.0,0.0,0.0,True,,,,,,,,,,,,,,,
2019-06-21,14.000000059604645,14.000000059604645,14.000000059604645,14.000000059604645,0.0,0.0,0.0,0.0,True,,,,,,,,,,,,,,,
2019-06-24,14.000000059604645,14.000000059604645,14.000000059604645,14.000000059604645,0.0,0.0,0.0,0.0,True,,,,,,,,,,,,,,,
2019-06-25,14.000000059604645,14.000000059604645,12.999999523162842,14.000000059604645,340.0,0.0,0.0,0.0,True,,,,,,,,,,,,,,,
2019-06-26,14.000000059604645,14.000000059604645,12.999999523162842,14.000000059604645,79.0,0.0,0.0,0.0,True,,,,,,,,,,,,,,,
2019-06-27,14.000000059604645,14.000000059604645,14.000000059604645,14.000000059604645,0.0,0.0,0.0,0.0,True,,,,,,,,,,,,,,,
2019-06-28,14.000000059604645,14.000000059604645,12.999999523162842,14.000000059604645,450.0,0.0,0.0,0.0,True,,,,,,,,,,,,,,,
2019-07-01,14.000000059604645,14.000000059604645,12.999999523162842,14.000000059604645,53.0,0.0,0.0,0.0,True,,,,,,,,,,,,,,,
2019-07-02,14.000000059604645,14.000000059604645,12.999999523162842,14.000000059604645,240.0,0.0,0.0,0.0,True,,,,,,,,,,,,,,,
2019-07-03,14.000000059604645,14.000000059604645,12.999999523162842,14.000000059604645,10652.0,0.0,0.0,0.0,True,,,,,,,,,,,,,,,
2019-07-05,12.5,12.5,10.000000149011612,12.5,14668.0,0.0,0.0,0.0,True,,,,,,,,,,,,,,,
2019-07-08,12.5,12.5,12.5,12.5,0.0,0.0,0.0,0.0,True,,,,,,,,,,,,,,,
2019-07-09,12.5,12.5,12.5,12.5,0.0,0.0,0.0,0.0,True,,,,,,,,,,,,,,,
2019-07-10,12.5,12.5,12.5,12.5,0.0,0.0,0.0,0.0,True,,,,,,,,,,,,,,,
2019-07-11,11.500000208616257,11.500000208616257,10.000000149011612,12.5,10.0,0.0,0.0,0.0,True,,,,,,,,,,,,,,,
2019-07-12,11.500000208616257,11.500000208616257,10.000000149011612,12.5,9.0,0.0,0.0,0.0,True,,,,,,,,,,,,,,,
2019-07-15,12.5,12.5,12.5,12.5,0.0,0.0,0.0,0.0,True,,,,,,,,,,,,,,,
2019-07-16,11.500000208616257,11.500000208616257,10.000000149011612,12.5,6000.0,0.0,0.0,0.0,True,,,,,,,,,,,,,,,
2019-07-17,11.500000208616257,11.500000208616257,7.999999821186066,10.499999672174454,3950.0,0.0,0.0,0.0,True,,,,,,,,,,,,,,,
2019-07-18,10.499999672174454,10.499999672174454,10.499999672174454,10.499999672174454,0.0,0.0,0.0,0.0,True,,,,,,,,,,,,,,,
2019-07-19,10.499999672174454,10.499999672174454,7.999999821186066,10.499999672174454,6050.0,0.0,0.0,0.0,True,,,,,,,,,,,,,,,
2019-07-22,10.499999672174454,11.249999701976776,10.499999672174454,10.499999672174454,831.0,0.0,0.0,0.0,True,,,,,,,,,,,,,,,
2019-07-23,10.499999672174454,10.499999672174454,10.499999672174454,10.499999672174454,0.0,0.0,0.0,0.0,True,,,,,,,,,,,,,,,
2019-07-24,10.499999672174454,10.499999672174454,7.999999821186066,10.499999672174454,1000.0,0.0,0.0,0.0,True,,,,,,,,,,,,,,,
2019-07-25,10.499999672174454,10.499999672174454,7.999999821186066,10.499999672174454,5000.0,0.0,0.0,0.0,True,,,,,,,,,,,,,,,
2019-07-26,10.499999672174454,10.499999672174454,7.999999821186066,10.499999672174454,227.0,0.0,0.0,0.0,True,,,,,,,,,,,,,,,
2019-07-29,10.499999672174454,10.499999672174454,10.499999672174454,10.499999672174454,0.0,0.0,0.0,0.0,True,,,,,,,,,,,,,,,
2019-07-30,10.499999672174454,11.219999939203262,10.499999672174454,10.499999672174454,1336.0,0.0,0.0,0.0,True,,,,,,,,,,,,,,,
2019-07-31,10.499999672174454,10.499999672174454,7.999999821186066,10.499999672174454,4565.0,0.0,0.0,0.0,True,,,,,,,,,,,,,,,
2019-08-01,10.499999672174454,10.499999672174454,10.499999672174454,10.499999672174454,0.0,0.0,0.0,0.0,True,,,,,,,,,,,,,,,
2019-08-02,10.499999672174454,10.499999672174454,10.499999672174454,10.499999672174454,0.0,0.0,0.0,0.0,True,,,,,,,,,,,,,,,
2019-08-05,10.499999672174454,10.499999672174454,10.499999672174454,10.499999672174454,0.0,0.0,0.0,0.0,True,,,,,,,,,,,,,,,
2019-08-06,10.499999672174454,10.499999672174454,7.999999821186066,10.499999672174454,500.0,0.0,0.0,0.0,True,,,,,,,,,,,,,,,
2019-08-07,10.499999672174454,10.499999672174454,10.499999672174454,10.499999672174454,0.0,0.0,0.0,0.0,True,,,,,,,,,,,,,,,
2019-08-08,10.499999672174454,10.499999672174454,10.499999672174454,10.499999672174454,0.0,0.0,0.0,0.0,True,,,,,,,,,,,,,,,
2019-08-09,10.499999672174454,10.499999672174454,10.499999672174454,10.499999672174454,0.0,0.0,0.0,0.0,True,,,,,,,,,,,,,,,
2019-08-12,10.499999672174454,10.499999672174454,10.499999672174454,10.499999672174454,0.0,0.0,0.0,0.0,True,,,,,,,,,,,,,,,
2019-08-13,10.499999672174454,10.499999672174454,10.499999672174454,10.499999672174454,0.0,0.0,0.0,0.0,True,,,,,,,,,,,,,,,
2019-08-14,10.499999672174454,10.499999672174454,10.499999672174454,10.499999672174454,0.0,0.0,0.0,0.0,True,,,,,,,,,,,,,,,
2019-08-15,10.499999672174454,10.499999672174454,7.999999821186066,10.499999672174454,401.0,0.0,0.0,0.0,True,,,,,,,,,,,,,,,
2019-08-16,10.499999672174454,10.499999672174454,10.499999672174454,10.499999672174454,0.0,0.0,0.0,0.0,True,,,,,,,,,,,,,,,
2019-08-19,10.499999672174454,10.499999672174454,10.499999672174454,10.499999672174454,0.0,0.0,0.0,0.0,True,,,,,,,,,,,,,,,
2019-08-20,10.499999672174454,10.499999672174454,7.999999821186066,10.499999672174454,1001.0,0.0,0.0,0.0,True,,,,,,,,,,,,,,,
2019-08-21,10.499999672174454,10.499999672174454,7.999999821186066,10.499999672174454,2.0,0.0,0.0,0.0,True,,,,,,,,,,,,,,,
2019-08-22,10.499999672174454,10.499999672174454,10.499999672174454,10.499999672174454,0.0,0.0,0.0,0.0,True,,,,,,,,,,,,,,,
2019-08-23,10.499999672174454,10.499999672174454,10.499999672174454,10.499999672174454,0.0,0.0,0.0,0.0,True,,,,,,,,,,,,,,,
2019-08-26,10.499999672174454,10.499999672174454,10.499999672174454,10.499999672174454,0.0,0.0,0.0,0.0,True,,,,,,,,,,,,,,,
2019-08-27,10.499999672174454,10.499999672174454,7.999999821186066,10.499999672174454,25.0,0.0,0.0,0.0,True,,,,,,,,,,,,,,,
2019-08-28,10.499999672174454,10.499999672174454,10.499999672174454,10.499999672174454,0.0,0.0,0.0,0.0,True,,,,,,,,,,,,,,,
2019-08-29,10.499999672174454,10.499999672174454,10.499999672174454,10.499999672174454,0.0,0.0,0.0,0.0,True,,,,,,,,,,,,,,,
2019-08-30,10.499999672174454,10.499999672174454,10.499999672174454,10.499999672174454,0.0,0.0,0.0,0.0,True,,,,,,,,,,,,,,,
2019-09-03,10.499999672174454,10.499999672174454,10.499999672174454,10.499999672174454,0.0,0.0,0.0,0.0,True,,,,,,,,,,,,,,,
2019-09-04,10.499999672174454,10.499999672174454,10.499999672174454,10.499999672174454,0.0,0.0,0.0,0.0,True,,,,,,,,,,,,,,,
2019-09-05,10.499999672174454,10.499999672174454,10.499999672174454,10.499999672174454,0.0,0.0,0.0,0.0,True,,,,,,,,,,,,,,,
2019-09-06,10.499999672174454,10.499999672174454,10.499999672174454,10.499999672174454,0.0,0.0,0.0,0.0,True,,,,,,,,,,,,,,,
2019-09-09,10.499999672174454,10.499999672174454,10.499999672174454,10.499999672174454,0.0,0.0,0.0,0.0,True,,,,,,,,,,,,,,,
2019-09-10,10.499999672174454,10.499999672174454,10.499999672174454,10.499999672174454,0.0,0.0,0.0,0.0,True,,,,,,,,,,,,,,,
2019-09-11,10.499999672174454,10.499999672174454,10.499999672174454,10.499999672174454,0.0,0.0,0.0,0.0,True,,,,,,,,,,,,,,,
2019-09-12,10.499999672174454,11.219999939203262,10.499999672174454,10.499999672174454,2400.0,0.0,0.0,0.0,True,,,,,,,,,,,,,,,
2019-09-13,10.499999672174454,10.499999672174454,10.499999672174454,10.499999672174454,0.0,0.0,0.0,0.0,True,,,,,,,,,,,,,,,
2019-09-16,10.499999672174454,10.499999672174454,10.499999672174454,10.499999672174454,0.0,0.0,0.0,0.0,True,,,,,,,,,,,,,,,
2019-09-17,10.499999672174454,10.499999672174454,10.499999672174454,10.499999672174454,0.0,0.0,0.0,0.0,True,,,,,,,,,,,,,,,
2019-09-18,10.499999672174454,10.499999672174454,9.000000357627869,10.499999672174454,445.0,0.0,0.0,0.0,True,,,,,,,,,,,,,,,
2019-09-19,10.499999672174454,10.499999672174454,9.000000357627869,10.499999672174454,20.0,0.0,0.0,0.0,True,,,,,,,,,,,,,,,
2019-09-20,10.499999672174454,10.499999672174454,9.000000357627869,10.499999672174454,66.0,0.0,0.0,0.0,True,,,,,,,,,,,,,,,
2019-09-23,10.499999672174454,10.499999672174454,10.499999672174454,10.499999672174454,0.0,0.0,0.0,0.0,True,,,,,,,,,,,,,,,
2019-09-24,10.499999672174454,10.499999672174454,10.499999672174454,10.499999672174454,0.0,0.0,0.0,0.0,True,,,,,,,,,,,,,,,
2019-09-25,10.499999672174454,10.499999672174454,10.499999672174454,10.499999672174454,0.0,0.0,0.0,0.0,True,,,,,,,,,,,,,,,
2019-09-26,10.499999672174454,10.499999672174454,9.000000357627869,10.499999672174454,49.0,0.0,0.0,0.0,True,,,,,,,,,,,,,,,
2019-09-27,10.499999672174454,10.499999672174454,9.000000357627869,10.499999672174454,281.0,0.0,0.0,0.0,True,,,,,,,,,,,,,,,
2019-09-30,10.499999672174454,10.499999672174454,10.499999672174454,10.499999672174454,0.0,0.0,0.0,0.0,True,,,,,,,,,,,,,,,
2019-10-01,10.499999672174454,10.499999672174454,9.000000357627869,10.499999672174454,1121.0,0.0,0.0,0.0,True,,,,,,,,,,,,,,,
2019-10-02,10.499999672174454,10.499999672174454,10.499999672174454,10.499999672174454,0.0,0.0,0.0,0.0,True,,,,,,,,,,,,,,,
2019-10-03,10.499999672174454,10.499999672174454,10.499999672174454,10.499999672174454,0.0,0.0,0.0,0.0,True,,,,,,,,,,,,,,,
2019-10-04,10.499999672174454,10.499999672174454,10.499999672174454,10.499999672174454,0.0,0.0,0.0,0.0,True,,,,,,,,,,,,,,,
2019-10-07,10.499999672174454,10.499999672174454,10.499999672174454,10.499999672174454,0.0,0.0,0.0,0.0,True,,,,,,,,,,,,,,,
2019-10-08,10.499999672174454,10.499999672174454,10.499999672174454,10.499999672174454,0.0,0.0,0.0,0.0,True,,,,,,,,,,,,,,,
2019-10-09,10.499999672174454,10.499999672174454,10.499999672174454,10.499999672174454,0.0,0.0,0.0,0.0,True,,,,,,,,,,,,,,,
2019-10-10,10.499999672174454,10.499999672174454,9.000000357627869,10.499999672174454,25.0,0.0,0.0,0.0,True,,,,,,,,,,,,,,,
2019-10-11,10.499999672174454,10.499999672174454,9.000000357627869,10.499999672174454,7290.0,0.0,0.0,0.0,True,,,,,,,,,,,,,,,
2019-10-14,10.499999672174454,10.499999672174454,10.499999672174454,10.499999672174454,0.0,0.0,0.0,0.0,True,,,,,,,,,,,,,,,
2019-10-15,10.499999672174454,10.499999672174454,10.499999672174454,10.499999672174454,0.0,0.0,0.0,0.0,True,,,,,,,,,,,,,,,
2019-10-16,10.499999672174454,10.499999672174454,10.499999672174454,10.499999672174454,0.0,0.0,0.0,0.0,True,,,,,,,,,,,,,,,
2019-10-17,10.499999672174454,10.499999672174454,9.000000357627869,10.499999672174454,4.0,0.0,0.0,0.0,True,,,,,,,,,,,,,,,
2019-10-18,10.499999672174454,10.499999672174454,10.499999672174454,10.499999672174454,0.0,0.0,0.0,0.0,True,,,,,,,,,,,,,,,
2019-10-21,10.499999672174454,10.499999672174454,10.499999672174454,10.499999672174454,0.0,0.0,0.0,0.0,True,,,,,,,,,,,,,,,
2019-10-22,10.499999672174454,10.499999672174454,10.499999672174454,10.499999672174454,0.0,0.0,0.0,0.0,True,,,,,,,,,,,,,,,
2019-10-23,10.499999672174454,10.499999672174454,10.499999672174454,10.499999672174454,0.0,0.0,0.0,0.0,True,,,,,,,,,,,,,,,
2019-10-24,10.499999672174454,10.499999672174454,10.499999672174454,10.499999672174454,0.0,0.0,0.0,0.0,True,,,,,,,,,,,,,,,
2019-10-25,10.499999672174454,10.499999672174454,10.499999672174454,10.499999672174454,0.0,0.0,0.0,0.0,True,,,,,,,,,,,,,,,
2019-10-28,10.499999672174454,10.499999672174454,10.499999672174454,10.499999672174454,0.0,0.0,0.0,0.0,True,,,,,,,,,,,,,,,
2019-10-29,10.499999672174454,10.499999672174454,10.499999672174454,10.499999672174454,0.0,0.0,0.0,0.0,True,,,,,,,,,,,,,,,
2019-10-30,10.499999672174454,10.499999672174454,9.000000357627869,10.499999672174454,24.0,0.0,0.0,0.0,True,,,,,,,,,,,,,,,
2019-10-31,10.499999672174454,10.499999672174454,9.000000357627869,10.499999672174454,200.0,0.0,0.0,0.0,True,,,,,,,,,,,,,,,
2019-11-01,10.499999672174454,10.499999672174454,10.499999672174454,10.499999672174454,0.0,0.0,0.0,0.0,True,,,,,,,,,,,,,,,
2019-11-04,10.499999672174454,10.499999672174454,10.499999672174454,10.499999672174454,0.0,0.0,0.0,0.0,True,,,,,,,,,,,,,,,
2019-11-05,10.499999672174454,10.499999672174454,9.000000357627869,10.499999672174454,8.0,0.0,0.0,0.0,True,,,,,,,,,,,,,,,
2019-11-06,10.499999672174454,10.499999672174454,9.000000357627869,10.499999672174454,150.0,0.0,0.0,0.0,True,,,,,,,,,,,,,,,
2019-11-07,10.499999672174454,10.499999672174454,10.499999672174454,10.499999672174454,0.0,0.0,0.0,0.0,True,,,,,,,,,,,,,,,
2019-11-08,10.499999672174454,10.499999672174454,10.499999672174454,10.499999672174454,0.0,0.0,0.0,0.0,True,,,,,,,,,,,,,,,
2019-11-11,10.499999672174454,10.499999672174454,9.000000357627869,10.499999672174454,12.0,0.0,0.0,0.0,True,,,,,,,,,,,,,,,
2019-11-12,10.499999672174454,10.499999672174454,10.499999672174454,10.499999672174454,0.0,0.0,0.0,0.0,True,,,,,,,,,,,,,,,
2019-11-13,10.499999672174454,10.499999672174454,9.000000357627869,10.499999672174454,3030.0,0.0,0.0,0.0,True,,,,,,,,,,,,,,,
2019-11-14,10.499999672174454,10.499999672174454,10.499999672174454,10.499999672174454,0.0,0.0,0.0,0.0,True,,,,,,,,,,,,,,,
2019-11-15,10.499999672174454,10.499999672174454,10.499999672174454,10.499999672174454,0.0,0.0,0.0,0.0,True,,,,,,,,,,,,,,,
2019-11-18,10.499999672174454,10.499999672174454,10.499999672174454,10.499999672174454,0.0,0.0,0.0,0.0,True,,,,,,,,,,,,,,,
2019-11-19,10.499999672174454,10.499999672174454,10.499999672174454,10.499999672174454,0.0,0.0,0.0,0.0,True,,,,,,,,,,,,,,,
2019-11-20,10.499999672174454,10.499999672174454,10.499999672174454,10.499999672174454,0.0,0.0,0.0,0.0,True,,,,,,,,,,,,,,,
2019-11-21,10.499999672174454,10.499999672174454,10.499999672174454,10.499999672174454,0.0,0.0,0.0,0.0,True,,,,,,,,,,,,,,,
2019-11-22,10.499999672174454,10.499999672174454,9.000000357627869,10.499999672174454,1.0,0.0,0.0,0.0,True,,,,,,,,,,,,,,,
2019-11-25,10.499999672174454,10.499999672174454,9.000000357627869,10.499999672174454,17.0,0.0,0.0,0.0,True,,,,,,,,,,,,,,,
2019-11-26,10.499999672174454,10.499999672174454,10.499999672174454,10.499999672174454,0.0,0.0,0.0,0.0,True,,,,,,,,,,,,,,,
2019-11-27,10.499999672174454,10.499999672174454,9.000000357627869,10.499999672174454,100.0,0.0,0.0,0.0,True,,,,,,,,,,,,,,,
2019-11-29,10.499999672174454,10.499999672174454,10.499999672174454,10.499999672174454,0.0,0.0,0.0,0.0,True,,,,,,,,,,,,,,,
2019-12-02,10.499999672174454,10.499999672174454,10.499999672174454,10.499999672174454,0.0,0.0,0.0,0.0,True,,,,,,,,,,,,,,,
2019-12-03,10.499999672174454,10.499999672174454,10.499999672174454,10.499999672174454,0.0,0.0,0.0,0.0,True,,,,,,,,,,,,,,,
2019-12-04,10.499999672174454,10.499999672174454,10.499999672174454,10.499999672174454,0.0,0.0,0.0,0.0,True,,,,,,,,,,,,,,,
2019-12-05,10.499999672174454,10.499999672174454,9.000000357627869,10.499999672174454,28.0,0.0,0.0,0.0,True,,,,,,,,,,,,,,,
2019-12-06,10.499999672174454,10.499999672174454,10.499999672174454,10.499999672174454,0.0,0.0,0.0,0.0,True,,,,,,,,,,,,,,,
2019-12-09,10.499999672174454,10.499999672174454,10.499999672174454,10.499999672174454,0.0,0.0,0.0,0.0,True,,,,,,,,,,,,,,,
2019-12-10,10.499999672174454,10.499999672174454,10.499999672174454,10.499999672174454,0.0,0.0,0.0,0.0,True,,,,,,,,,,,,,,,
2019-12-11,10.499999672174454,10.499999672174454,9.000000357627869,10.499999672174454,5.0,0.0,0.0,0.0,True,,,,,,,,,,,,,,,
2019-12-12,10.499999672174454,10.499999672174454,10.499999672174454,10.499999672174454,0.0,0.0,0.0,0.0,True,,,,,,,,,,,,,,,
2019-12-13,10.499999672174454,10.499999672174454,10.499999672174454,10.499999672174454,0.0,0.0,0.0,0.0,True,,,,,,,,,,,,,,,
2019-12-16,10.499999672174454,10.499999672174454,10.499999672174454,10.499999672174454,0.0,0.0,0.0,0.0,True,,,,,,,,,,,,,,,
2019-12-17,10.499999672174454,10.499999672174454,10.499999672174454,10.499999672174454,0.0,0.0,0.0,0.0,True,,,,,,,,,,,,,,,
2019-12-18,10.499999672174454,10.499999672174454,10.499999672174454,10.499999672174454,0.0,0.0,0.0,0.0,True,,,,,,,,,,,,,,,
2019-12-19,10.499999672174454,10.499999672174454,10.499999672174454,10.499999672174454,0.0,0.0,0.0,0.0,True,,,,,,,,,,,,,,,
2019-12-20,10.499999672174454,10.499999672174454,10.499999672174454,10.499999672174454,0.0,0.0,0.0,0.0,True,,,,,,,,,,,,,,,
2019-12-23,10.499999672174454,10.499999672174454,10.499999672174454,10.499999672174454,0.0,0.0,0.0,0.0,True,,,,,,,,,,,,,,,
2019-12-24,10.499999672174454,10.499999672174454,10.499999672174454,10.499999672174454,0.0,0.0,0.0,0.0,True,,,,,,,,,,,,,,,
2019-12-26,10.499999672174454,10.499999672174454,10.499999672174454,10.499999672174454,0.0,0.0,0.0,0.0,True,,,,,,,,,,,,,,,
2019-12-27,10.499999672174454,10.499999672174454,10.499999672174454,10.499999672174454,0.0,0.0,0.0,0.0,True,,,,,,,,,,,,,,,
2019-12-30,10.499999672174454,10.499999672174454,10.499999672174454,10.499999672174454,0.0,0.0,0.0,0.0,True,,,,,,,,,,,,,,,
2019-12-31,10.499999672174454,10.499999672174454,10.499999672174454,10.499999672174454,0.0,0.0,0.0,0.0,True,,,,,,,,,,,,,,,
2020-01-02,10.499999672174454,10.499999672174454,9.000000357627869,10.499999672174454,117.0,0.0,0.0,0.0,True,,,,,,,,,,,,,,,
2020-01-03,10.499999672174454,10.499999672174454,9.000000357627869,10.499999672174454,3188.0,0.0,0.0,0.0,True,,,,,,,,,,,,,,,
2020-01-06,10.499999672174454,10.499999672174454,9.000000357627869,10.499999672174454,2500.0,0.0,0.0,0.0,True,,,,,,,,,,,,,,,
2020-01-07,10.499999672174454,10.499999672174454,10.499999672174454,10.499999672174454,0.0,0.0,0.0,0.0,True,,,,,,,,,,,,,,,
2020-01-08,10.499999672174454,10.499999672174454,7.999999821186066,9.49999988079071,9000.0,0.0,0.0,0.0,True,,,,,,,,,,,,,,,
2020-01-09,9.49999988079071,9.49999988079071,7.000000029802322,9.000000357627869,10723.0,0.0,0.0,0.0,True,,,,,,,,,,,,,,,
2020-01-10,9.000000357627869,9.000000357627869,9.000000357627869,9.000000357627869,0.0,0.0,0.0,0.0,True,,,,,,,,,,,,,,,
2020-01-13,9.000000357627869,9.000000357627869,9.000000357627869,9.000000357627869,0.0,0.0,0.0,0.0,True,,,,,,,,,,,,,,,
2020-01-14,9.000000357627869,9.000000357627869,7.999999821186066,9.000000357627869,540.0,0.0,0.0,0.0,True,,,,,,,,,,,,,,,
2020-01-15,9.000000357627869,9.000000357627869,9.000000357627869,9.000000357627869,0.0,0.0,0.0,0.0,True,,,,,,,,,,,,,,,
2020-01-16,9.000000357627869,9.000000357627869,9.000000357627869,9.000000357627869,0.0,0.0,0.0,0.0,True,,,,,,,,,,,,,,,
2020-01-17,9.000000357627869,9.000000357627869,9.000000357627869,9.000000357627869,0.0,0.0,0.0,0.0,True,,,,,,,,,,,,,,,
2020-01-21,9.000000357627869,9.000000357627869,9.000000357627869,9.000000357627869,0.0,0.0,0.0,0.0,True,,,,,,,,,,,,,,,
2020-01-22,9.000000357627869,9.000000357627869,9.000000357627869,9.000000357627869,0.0,0.0,0.0,0.0,True,,,,,,,,,,,,,,,
2020-01-23,9.000000357627869,9.000000357627869,9.000000357627869,9.000000357627869,0.0,0.0,0.0,0.0,True,,,,,,,,,,,,,,,
2020-01-24,9.000000357627869,9.000000357627869,9.000000357627869,9.000000357627869,0.0,0.0,0.0,0.0,True,,,,,,,,,,,,,,,
2020-01-27,9.000000357627869,9.000000357627869,7.999999821186066,9.000000357627869,5.0,0.0,0.0,0.0,True,,,,,,,,,,,,,,,
2020-01-28,9.000000357627869,9.000000357627869,9.000000357627869,9.000000357627869,0.0,0.0,0.0,0.0,True,,,,,,,,,,,,,,,
2020-01-29,9.000000357627869,9.000000357627869,7.999999821186066,9.000000357627869,30.0,0.0,0.0,0.0,True,,,,,,,,,,,,,,,
2020-01-30,9.000000357627869,9.000000357627869,9.000000357627869,9.000000357627869,0.0,0.0,0.0,0.0,True,,,,,,,,,,,,,,,
2020-01-31,9.000000357627869,9.000000357627869,9.000000357627869,9.000000357627869,0.0,0.0,0.0,0.0,True,,,,,,,,,,,,,,,
2020-02-03,8.500000089406967,9.000000357627869,7.999999821186066,9.000000357627869,506.0,0.0,0.0,0.0,True,,,,,,,,,,,,,,,
2020-02-04,9.000000357627869,9.000000357627869,9.000000357627869,9.000000357627869,0.0,0.0,0.0,0.0,True,,,,,,,,,,,,,,,
2020-02-05,9.000000357627869,9.000000357627869,9.000000357627869,9.000000357627869,0.0,0.0,0.0,0.0,True,,,,,,,,,,,,,,,
2020-02-06,9.000000357627869,9.000000357627869,9.000000357627869,9.000000357627869,0.0,0.0,0.0,0.0,True,,,,,,,,,,,,,,,
2020-02-07,9.000000357627869,9.000000357627869,9.000000357627869,9.000000357627869,0.0,0.0,0.0,0.0,True,,,,,,,,,,,,,,,
2020-02-10,9.000000357627869,9.000000357627869,7.249999791383743,8.500000089406967,5428.0,0.0,0.0,0.0,True,,,,,,,,,,,,,,,
2020-02-11,8.500000089406967,8.500000089406967,8.500000089406967,8.500000089406967,0.0,0.0,0.0,0.0,True,,,,,,,,,,,,,,,
2020-02-12,8.500000089406967,8.500000089406967,8.500000089406967,8.500000089406967,0.0,0.0,0.0,0.0,True,,,,,,,,,,,,,,,
2020-02-13,8.500000089406967,8.500000089406967,8.500000089406967,8.500000089406967,0.0,0.0,0.0,0.0,True,,,,,,,,,,,,,,,
2020-02-14,8.500000089406967,8.500000089406967,8.500000089406967,8.500000089406967,0.0,0.0,0.0,0.0,True,,,,,,,,,,,,,,,
2020-02-18,7.500000298023224,7.500000298023224,7.500000298023224,7.500000298023224,0.0,0.0,0.0,0.0,True,,,,,,,,,,,,,,,
2020-02-19,7.500000298023224,7.500000298023224,7.500000298023224,7.500000298023224,0.0,0.0,0.0,0.0,True,,,,,,,,,,,,,,,
2020-02-20,7.500000298023224,7.500000298023224,7.500000298023224,7.500000298023224,0.0,0.0,0.0,0.0,True,,,,,,,,,,,,,,,
2020-02-21,7.500000298023224,7.500000298023224,7.500000298023224,7.500000298023224,0.0,0.0,0.0,0.0,True,,,,,,,,,,,,,,,
2020-02-24,7.500000298023224,7.500000298023224,7.500000298023224,7.500000298023224,0.0,0.0,0.0,0.0,True,,,,,,,,,,,,,,,
2020-02-25,7.500000298023224,7.500000298023224,7.500000298023224,7.500000298023224,0.0,0.0,0.0,0.0,True,,,,,,,,,,,,,,,
2020-02-26,7.500000298023224,7.500000298023224,7.500000298023224,7.500000298023224,0.0,0.0,0.0,0.0,True,,,,,,,,,,,,,,,
2020-02-27,7.500000298023224,7.500000298023224,7.500000298023224,7.500000298023224,0.0,0.0,0.0,0.0,True,,,,,,,,,,,,,,,
2020-02-28,7.500000298023224,7.500000298023224,7.500000298023224,7.500000298023224,0.0,0.0,0.0,0.0,True,,,,,,,,,,,,,,,
2020-03-02,7.500000298023224,7.500000298023224,7.500000298023224,7.500000298023224,0.0,0.0,0.0,0.0,True,,,,,,,,,,,,,,,
2020-03-03,7.500000298023224,7.500000298023224,7.500000298023224,7.500000298023224,0.0,0.0,0.0,0.0,True,,,,,,,,,,,,,,,
2020-03-04,7.500000298023224,7.500000298023224,7.500000298023224,7.500000298023224,0.0,0.0,0.0,0.0,True,,,,,,,,,,,,,,,
2020-03-05,7.500000298023224,7.500000298023224,7.500000298023224,7.500000298023224,0.0,0.0,0.0,0.0,True,,,,,,,,,,,,,,,
2020-03-06,7.500000298023224,7.500000298023224,7.500000298023224,7.500000298023224,0.0,0.0,0.0,0.0,True,,,,,,,,,,,,,,,
2020-03-09,7.500000298023224,7.500000298023224,7.500000298023224,7.500000298023224,0.0,0.0,0.0,0.0,True,,,,,,,,,,,,,,,
2020-03-10,7.500000298023224,7.500000298023224,7.500000298023224,7.500000298023224,0.0,0.0,0.0,0.0,True,,,,,,,,,,,,,,,
2020-03-11,7.500000298023224,7.500000298023224,7.500000298023224,7.500000298023224,0.0,0.0,0.0,0.0,True,,,,,,,,,,,,,,,
2020-03-12,7.500000298023224,7.500000298023224,7.500000298023224,7.500000298023224,0.0,0.0,0.0,0.0,True,,,,,,,,,,,,,,,
2020-03-13,7.500000298023224,7.500000298023224,7.500000298023224,7.500000298023224,0.0,0.0,0.0,0.0,True,,,,,,,,,,,,,,,
2020-03-16,7.500000298023224,7.500000298023224,7.500000298023224,7.500000298023224,0.0,0.0,0.0,0.0,True,,,,,,,,,,,,,,,
2020-03-17,7.500000298023224,7.500000298023224,7.500000298023224,7.500000298023224,0.0,0.0,0.0,0.0,True,,,,,,,,,,,,,,,
2020-03-18,7.500000298023224,7.500000298023224,7.500000298023224,7.500000298023224,0.0,0.0,0.0,0.0,True,,,,,,,,,,,,,,,
2020-03-19,7.500000298023224,7.500000298023224,7.500000298023224,7.500000298023224,0.0,0.0,0.0,0.0,True,,,,,,,,,,,,,,,
2020-03-20,7.500000298023224,7.500000298023224,7.500000298023224,7.500000298023224,0.0,0.0,0.0,0.0,True,,,,,,,,,,,,,,,
2020-03-23,7.500000298023224,7.500000298023224,7.500000298023224,7.500000298023224,0.0,0.0,0.0,0.0,True,,,,,,,,,,,,,,,
2020-03-24,7.500000298023224,7.500000298023224,7.500000298023224,7.500000298023224,0.0,0.0,0.0,0.0,True,,,,,,,,,,,,,,,
2020-03-25,7.500000298023224,7.500000298023224,7.500000298023224,7.500000298023224,0.0,0.0,0.0,0.0,True,,,,,,,,,,,,,,,
2020-03-26,7.500000298023224,7.500000298023224,7.500000298023224,7.500000298023224,0.0,0.0,0.0,0.0,True,,,,,,,,,,,,,,,
2020-03-27,7.500000298023224,7.500000298023224,7.500000298023224,7.500000298023224,0.0,0.0,0.0,0.0,True,,,,,,,,,,,,,,,
2020-03-30,7.500000298023224,7.500000298023224,7.500000298023224,7.500000298023224,0.0,0.0,0.0,0.0,True,,,,,,,,,,,,,,,
2020-03-31,7.500000298023224,7.500000298023224,7.500000298023224,7.500000298023224,0.0,0.0,0.0,0.0,True,,,,,,,,,,,,,,,
2020-04-01,7.500000298023224,7.500000298023224,7.500000298023224,7.500000298023224,0.0,0.0,0.0,0.0,True,,,,,,,,,,,,,,,
2020-04-02,7.500000298023224,7.500000298023224,7.500000298023224,7.500000298023224,0.0,0.0,0.0,0.0,True,,,,,,,,,,,,,,,
2020-04-03,7.500000298023224,7.500000298023224,7.500000298023224,7.500000298023224,0.0,0.0,0.0,0.0,True,,,,,,,,,,,,,,,
2020-04-06,7.500000298023224,7.500000298023224,7.500000298023224,7.500000298023224,0.0,0.0,0.0,0.0,True,,,,,,,,,,,,,,,
2020-04-07,7.500000298023224,7.500000298023224,7.500000298023224,7.500000298023224,0.0,0.0,0.0,0.0,True,,,,,,,,,,,,,,,
2020-04-08,7.500000298023224,7.500000298023224,7.500000298023224,7.500000298023224,0.0,0.0,0.0,0.0,True,,,,,,,,,,,,,,,
2020-04-09,7.500000298023224,7.500000298023224,7.500000298023224,7.500000298023224,0.0,0.0,0.0,0.0,True,,,,,,,,,,,,,,,
2020-04-13,7.500000298023224,7.500000298023224,7.500000298023224,7.500000298023224,0.0,0.0,0.0,0.0,True,,,,,,,,,,,,,,,
2020-04-14,7.500000298023224,7.500000298023224,7.500000298023224,7.500000298023224,0.0,0.0,0.0,0.0,True,,,,,,,,,,,,,,,
2020-04-15,7.500000298023224,7.500000298023224,7.500000298023224,7.500000298023224,0.0,0.0,0.0,0.0,True,,,,,,,,,,,,,,,
2020-04-16,7.500000298023224,7.500000298023224,7.500000298023224,7.500000298023224,0.0,0.0,0.0,0.0,True,,,,,,,,,,,,,,,
2020-04-17,7.500000298023224,7.500000298023224,7.500000298023224,7.500000298023224,0.0,0.0,0.0,0.0,True,,,,,,,,,,,,,,,
2020-04-20,7.500000298023224,7.500000298023224,7.500000298023224,7.500000298023224,0.0,0.0,0.0,0.0,True,,,,,,,,,,,,,,,
2020-04-21,7.500000298023224,7.500000298023224,7.500000298023224,7.500000298023224,0.0,0.0,0.0,0.0,True,,,,,,,,,,,,,,,
2020-04-22,7.500000298023224,7.500000298023224,7.500000298023224,7.500000298023224,0.0,0.0,0.0,0.0,True,,,,,,,,,,,,,,,
2020-04-23,7.500000298023224,7.500000298023224,7.500000298023224,7.500000298023224,0.0,0.0,0.0,0.0,True,,,,,,,,,,,,,,,
2020-04-24,7.500000298023224,7.500000298023224,7.500000298023224,7.500000298023224,0.0,0.0,0.0,0.0,True,,,,,,,,,,,,,,,
2020-04-27,7.500000298023224,7.500000298023224,7.500000298023224,7.500000298023224,0.0,0.0,0.0,0.0,True,,,,,,,,,,,,,,,
2020-04-28,7.500000298023224,7.500000298023224,7.500000298023224,7.500000298023224,0.0,0.0,0.0,0.0,True,,,,,,,,,,,,,,,
2020-04-29,7.500000298023224,7.500000298023224,7.500000298023224,7.500000298023224,0.0,0.0,0.0,0.0,True,,,,,,,,,,,,,,,
2020-04-30,7.500000298023224,7.500000298023224,7.500000298023224,7.500000298023224,0.0,0.0,0.0,0.0,True,,,,,,,,,,,,,,,
2020-05-01,7.500000298023224,7.500000298023224,7.500000298023224,7.500000298023224,0.0,0.0,0.0,0.0,True,,,,,,,,,,,,,,,
2020-05-04,7.500000298023224,7.500000298023224,7.500000298023224,7.500000298023224,0.0,0.0,0.0,0.0,True,,,,,,,,,,,,,,,
2020-05-05,7.500000298023224,7.500000298023224,7.500000298023224,7.500000298023224,0.0,0.0,0.0,0.0,True,,,,,,,,,,,,,,,
2020-05-06,7.500000298023224,7.500000298023224,7.500000298023224,7.500000298023224,0.0,0.0,0.0,0.0,True,,,,,,,,,,,,,,,
2020-05-07,7.500000298023224,7.500000298023224,7.500000298023224,7.500000298023224,0.0,0.0,0.0,0.0,True,,,,,,,,,,,,,,,
2020-05-08,7.500000298023224,7.500000298023224,7.500000298023224,7.500000298023224,0.0,0.0,0.0,0.0,True,,,,,,,,,,,,,,,
2020-05-11,7.500000298023224,7.500000298023224,7.500000298023224,7.500000298023224,0.0,0.0,0.0,0.0,True,,,,,,,,,,,,,,,
2020-05-12,7.500000298023224,7.500000298023224,7.500000298023224,7.500000298023224,0.0,0.0,0.0,0.0,True,,,,,,,,,,,,,,,
2020-05-13,7.500000298023224,7.500000298023224,7.500000298023224,7.500000298023224,0.0,0.0,0.0,0.0,True,,,,,,,,,,,,,,,
2020-05-14,7.500000298023224,7.500000298023224,7.500000298023224,7.500000298023224,0.0,0.0,0.0,0.0,True,,,,,,,,,,,,,,,
2020-05-15,7.500000298023224,7.500000298023224,7.500000298023224,7.500000298023224,0.0,0.0,0.0,0.0,True,,,,,,,,,,,,,,,
2020-05-18,7.500000298023224,7.500000298023224,7.500000298023224,7.500000298023224,0.0,0.0,0.0,0.0,True,,,,,,,,,,,,,,,
2020-05-19,7.500000298023224,7.500000298023224,7.500000298023224,7.500000298023224,0.0,0.0,0.0,0.0,True,,,,,,,,,,,,,,,
2020-05-20,7.500000298023224,7.500000298023224,7.500000298023224,7.500000298023224,0.0,0.0,0.0,0.0,True,,,,,,,,,,,,,,,
2020-05-21,7.500000298023224,7.500000298023224,7.500000298023224,7.500000298023224,0.0,0.0,0.0,0.0,True,,,,,,,,,,,,,,,
2020-05-22,7.500000298023224,7.500000298023224,7.500000298023224,7.500000298023224,0.0,0.0,0.0,0.0,True,,,,,,,,,,,,,,,
2020-05-26,7.500000298023224,7.500000298023224,7.500000298023224,7.500000298023224,0.0,0.0,0.0,0.0,True,,,,,,,,,,,,,,,
2020-05-27,7.500000298023224,7.500000298023224,7.500000298023224,7.500000298023224,0.0,0.0,0.0,0.0,True,,,,,,,,,,,,,,,
2020-05-28,7.500000298023224,7.500000298023224,7.500000298023224,7.500000298023224,0.0,0.0,0.0,0.0,True,,,,,,,,,,,,,,,
2020-05-29,7.500000298023224,7.500000298023224,7.500000298023224,7.500000298023224,0.0,0.0,0.0,0.0,True,,,,,,,,,,,,,,,
2020-06-01,7.500000298023224,7.500000298023224,7.500000298023224,7.500000298023224,0.0,0.0,0.0,0.0,True,,,,,,,,,,,,,,,
2020-06-02,7.500000298023224,7.500000298023224,7.500000298023224,7.500000298023224,0.0,0.0,0.0,0.0,True,,,,,,,,,,,,,,,
2020-06-03,7.500000298023224,7.500000298023224,7.500000298023224,7.500000298023224,0.0,0.0,0.0,0.0,True,,,,,,,,,,,,,,,
2020-06-04,7.500000298023224,7.500000298023224,7.500000298023224,7.500000298023224,0.0,0.0,0.0,0.0,True,,,,,,,,,,,,,,,
2020-06-05,7.500000298023224,7.500000298023224,7.500000298023224,7.500000298023224,0.0,0.0,0.0,0.0,True,,,,,,,,,,,,,,,
2020-06-08,7.500000298023224,7.500000298023224,7.500000298023224,7.500000298023224,0.0,0.0,0.0,0.0,True,,,,,,,,,,,,,,,
2020-06-09,7.500000298023224,7.500000298023224,7.500000298023224,7.500000298023224,0.0,0.0,0.0,0.0,True,,,,,,,,,,,,,,,
2020-06-10,7.500000298023224,7.500000298023224,7.500000298023224,7.500000298023224,0.0,0.0,0.0,0.0,True,,,,,,,,,,,,,,,
2020-06-11,7.500000298023224,7.500000298023224,7.500000298023224,7.500000298023224,0.0,0.0,0.0,0.0,True,,,,,,,,,,,,,,,
2020-06-12,7.500000298023224,7.500000298023224,7.500000298023224,7.500000298023224,0.0,0.0,0.0,0.0,True,,,,,,,,,,,,,,,
2020-06-15,7.500000298023224,7.500000298023224,7.500000298023224,7.500000298023224,0.0,0.0,0.0,0.0,True,,,,,,,,,,,,,,,
2020-06-16,7.500000298023224,7.500000298023224,7.500000298023224,7.500000298023224,0.0,0.0,0.0,0.0,True,,,,,,,,,,,,,,,
2020-06-17,7.500000298023224,7.500000298023224,7.500000298023224,7.500000298023224,0.0,0.0,0.0,0.0,True,,,,,,,,,,,,,,,
2020-06-18,7.500000298023224,7.500000298023224,7.500000298023224,7.500000298023224,0.0,0.0,0.0,0.0,True,,,,,,,,,,,,,,,
2020-06-19,7.500000298023224,7.500000298023224,7.500000298023224,7.500000298023224,0.0,0.0,0.0,0.0,True,,,,,,,,,,,,,,,
2020-06-22,7.500000298023224,7.500000298023224,7.500000298023224,7.500000298023224,0.0,0.0,0.0,0.0,True,,,,,,,,,,,,,,,
2020-06-23,7.500000298023224,7.500000298023224,7.500000298023224,7.500000298023224,0.0,0.0,0.0,0.0,True,,,,,,,,,,,,,,,
2020-06-24,7.500000298023224,7.500000298023224,7.500000298023224,7.500000298023224,0.0,0.0,0.0,0.0,True,,,,,,,,,,,,,,,
2020-06-25,7.500000298023224,7.500000298023224,7.500000298023224,7.500000298023224,0.0,0.0,0.0,0.0,True,,,,,,,,,,,,,,,
2020-06-26,7.500000298023224,7.500000298023224,7.500000298023224,7.500000298023224,0.0,0.0,0.0,0.0,True,,,,,,,,,,,,,,,
2020-06-29,7.500000298023224,7.500000298023224,7.500000298023224,7.500000298023224,0.0,0.0,0.0,0.0,True,,,,,,,,,,,,,,,
2020-06-30,7.500000298023224,7.500000298023224,7.500000298023224,7.500000298023224,0.0,0.0,0.0,0.0,True,,,,,,,,,,,,,,,
2020-07-01,7.500000298023224,7.500000298023224,7.500000298023224,7.500000298023224,0.0,0.0,0.0,0.0,True,,,,,,,,,,,,,,,
2020-07-02,7.500000298023224,7.500000298023224,7.500000298023224,7.500000298023224,0.0,0.0,0.0,0.0,True,,,,,,,,,,,,,,,
2020-07-06,7.500000298023224,7.500000298023224,7.500000298023224,7.500000298023224,0.0,0.0,0.0,0.0,True,,,,,,,,,,,,,,,
2020-07-07,7.500000298023224,7.500000298023224,7.500000298023224,7.500000298023224,0.0,0.0,0.0,0.0,True,,,,,,,,,,,,,,,
2020-07-08,7.500000298023224,7.500000298023224,7.500000298023224,7.500000298023224,0.0,0.0,0.0,0.0,True,,,,,,,,,,,,,,,
2020-07-09,7.500000298023224,7.500000298023224,7.500000298023224,7.500000298023224,0.0,0.0,0.0,0.0,True,,,,,,,,,,,,,,,
2020-07-10,7.500000298023224,7.500000298023224,7.500000298023224,7.500000298023224,0.0,0.0,0.0,0.0,True,,,,,,,,,,,,,,,
2020-07-13,7.500000298023224,7.500000298023224,7.500000298023224,7.500000298023224,0.0,0.0,0.0,0.0,True,,,,,,,,,,,,,,,
2020-07-14,7.500000298023224,7.500000298023224,7.500000298023224,7.500000298023224,0.0,0.0,0.0,0.0,True,,,,,,,,,,,,,,,
2020-07-15,7.500000298023224,7.500000298023224,7.500000298023224,7.500000298023224,0.0,0.0,0.0,0.0,True,,,,,,,,,,,,,,,
2020-07-16,7.500000298023224,7.500000298023224,7.500000298023224,7.500000298023224,0.0,0.0,0.0,0.0,True,,,,,,,,,,,,,,,
2020-07-17,7.500000298023224,7.500000298023224,7.500000298023224,7.500000298023224,0.0,0.0,0.0,0.0,True,,,,,,,,,,,,,,,
2020-07-20,7.500000298023224,7.500000298023224,7.500000298023224,7.500000298023224,0.0,0.0,0.0,0.0,True,,,,,,,,,,,,,,,
2020-07-21,7.500000298023224,7.500000298023224,7.500000298023224,7.500000298023224,0.0,0.0,0.0,0.0,True,,,,,,,,,,,,,,,
2020-07-22,7.500000298023224,7.500000298023224,7.500000298023224,7.500000298023224,0.0,0.0,0.0,0.0,True,,,,,,,,,,,,,,,
2020-07-23,7.500000298023224,7.500000298023224,7.500000298023224,7.500000298023224,0.0,0.0,0.0,0.0,True,,,,,,,,,,,,,,,
2020-07-24,7.500000298023224,7.500000298023224,7.500000298023224,7.500000298023224,0.0,0.0,0.0,0.0,True,,,,,,,,,,,,,,,
2020-07-27,7.500000298023224,7.500000298023224,7.500000298023224,7.500000298023224,0.0,0.0,0.0,0.0,True,,,,,,,,,,,,,,,
2020-07-28,7.500000298023224,7.500000298023224,7.500000298023224,7.500000298023224,0.0,0.0,0.0,0.0,True,,,,,,,,,,,,,,,
2020-07-29,7.500000298023224,7.500000298023224,7.500000298023224,7.500000298023224,0.0,0.0,0.0,0.0,True,,,,,,,,,,,,,,,
2020-07-30,7.500000298023224,7.500000298023224,7.500000298023224,7.500000298023224,0.0,0.0,0.0,0.0,True,,,,,,,,,,,,,,,
2020-07-31,7.500000298023224,7.500000298023224,7.500000298023224,7.500000298023224,0.0,0.0,0.0,0.0,True,,,,,,,,,,,,,,,
2020-08-03,7.500000298023224,7.500000298023224,7.500000298023224,7.500000298023224,0.0,0.0,0.0,0.0,True,,,,,,,,,,,,,,,
2020-08-04,7.500000298023224,7.500000298023224,7.500000298023224,7.500000298023224,0.0,0.0,0.0,0.0,True,,,,,,,,,,,,,,,
2020-08-05,7.500000298023224,7.500000298023224,7.500000298023224,7.500000298023224,0.0,0.0,0.0,0.0,True,,,,,,,,,,,,,,,
2020-08-06,7.500000298023224,7.500000298023224,7.500000298023224,7.500000298023224,0.0,0.0,0.0,0.0,True,,,,,,,,,,,,,,,
2020-08-07,7.500000298023224,7.500000298023224,7.500000298023224,7.500000298023224,0.0,0.0,0.0,0.0,True,,,,,,,,,,,,,,,
2020-08-10,7.500000298023224,7.500000298023224,7.500000298023224,7.500000298023224,0.0,0.0,0.0,0.0,True,,,,,,,,,,,,,,,
2020-08-11,7.500000298023224,7.500000298023224,7.500000298023224,7.500000298023224,0.0,0.0,0.0,0.0,True,,,,,,,,,,,,,,,
2020-08-12,7.500000298023224,7.500000298023224,7.500000298023224,7.500000298023224,0.0,0.0,0.0,0.0,True,,,,,,,,,,,,,,,
2020-08-13,7.500000298023224,7.500000298023224,7.500000298023224,7.500000298023224,0.0,0.0,0.0,0.0,True,,,,,,,,,,,,,,,
2020-08-14,7.500000298023224,7.500000298023224,7.500000298023224,7.500000298023224,0.0,0.0,0.0,0.0,True,,,,,,,,,,,,,,,
2020-08-17,7.500000298023224,7.500000298023224,7.500000298023224,7.500000298023224,0.0,0.0,0.0,0.0,True,,,,,,,,,,,,,,,
2020-08-18,7.500000298023224,7.500000298023224,7.500000298023224,7.500000298023224,0.0,0.0,0.0,0.0,True,,,,,,,,,,,,,,,
2020-08-19,7.500000298023224,7.500000298023224,7.500000298023224,7.500000298023224,0.0,0.0,0.0,0.0,True,,,,,,,,,,,,,,,
2020-08-20,7.500000298023224,7.500000298023224,7.500000298023224,7.500000298023224,0.0,0.0,0.0,0.0,True,,,,,,,,,,,,,,,
2020-08-21,7.500000298023224,7.500000298023224,7.500000298023224,7.500000298023224,0.0,0.0,0.0,0.0,True,,,,,,,,,,,,,,,
2020-08-24,7.500000298023224,7.500000298023224,7.500000298023224,7.500000298023224,0.0,0.0,0.0,0.0,True,,,,,,,,,,,,,,,
2020-08-25,7.500000298023224,7.500000298023224,7.500000298023224,7.500000298023224,0.0,0.0,0.0,0.0,True,,,,,,,,,,,,,,,
2020-08-26,7.500000298023224,7.500000298023224,7.500000298023224,7.500000298023224,0.0,0.0,0.0,0.0,True,,,,,,,,,,,,,,,
2020-08-27,7.500000298023224,7.500000298023224,7.500000298023224,7.500000298023224,0.0,0.0,0.0,0.0,True,,,,,,,,,,,,,,,
2020-08-28,7.500000298023224,7.500000298023224,7.500000298023224,7.500000298023224,0.0,0.0,0.0,0.0,True,,,,,,,,,,,,,,,
2020-08-31,7.500000298023224,7.500000298023224,7.500000298023224,7.500000298023224,0.0,0.0,0.0,0.0,True,,,,,,,,,,,,,,,
2020-09-01,7.500000298023224,7.500000298023224,7.500000298023224,7.500000298023224,0.0,0.0,0.0,0.0,True,,,,,,,,,,,,,,,
2020-09-02,7.500000298023224,7.500000298023224,7.500000298023224,7.500000298023224,0.0,0.0,0.0,0.0,True,,,,,,,,,,,,,,,
2020-09-03,7.500000298023224,7.500000298023224,7.500000298023224,7.500000298023224,0.0,0.0,0.0,0.0,True,,,,,,,,,,,,,,,
2020-09-04,7.500000298023224,7.500000298023224,7.500000298023224,7.500000298023224,0.0,0.0,0.0,0.0,True,,,,,,,,,,,,,,,
2020-09-08,7.500000298023224,7.500000298023224,7.500000298023224,7.500000298023224,0.0,0.0,0.0,0.0,True,,,,,,,,,,,,,,,
2020-09-09,7.500000298023224,7.500000298023224,7.500000298023224,7.500000298023224,0.0,0.0,0.0,0.0,True,,,,,,,,,,,,,,,
2020-09-10,7.500000298023224,7.500000298023224,7.500000298023224,7.500000298023224,0.0,0.0,0.0,0.0,True,,,,,,,,,,,,,,,
2020-09-11,7.500000298023224,7.500000298023224,7.500000298023224,7.500000298023224,0.0,0.0,0.0,0.0,True,,,,,,,,,,,,,,,
2020-09-14,7.500000298023224,7.500000298023224,7.500000298023224,7.500000298023224,0.0,0.0,0.0,0.0,True,,,,,,,,,,,,,,,
2020-09-15,7.500000298023224,7.500000298023224,7.500000298023224,7.500000298023224,0.0,0.0,0.0,0.0,True,,,,,,,,,,,,,,,
2020-09-16,7.500000298023224,7.500000298023224,7.500000298023224,7.500000298023224,0.0,0.0,0.0,0.0,True,,,,,,,,,,,,,,,
2020-09-17,7.500000298023224,7.500000298023224,7.500000298023224,7.500000298023224,0.0,0.0,0.0,0.0,True,,,,,,,,,,,,,,,
2020-09-18,7.500000298023224,7.500000298023224,7.500000298023224,7.500000298023224,0.0,0.0,0.0,0.0,True,,,,,,,,,,,,,,,
2020-09-21,7.500000298023224,7.500000298023224,7.500000298023224,7.500000298023224,0.0,0.0,0.0,0.0,True,,,,,,,,,,,,,,,
2020-09-22,7.500000298023224,7.500000298023224,7.500000298023224,7.500000298023224,0.0,0.0,0.0,0.0,True,,,,,,,,,,,,,,,
2020-09-23,7.500000298023224,7.500000298023224,7.500000298023224,7.500000298023224,0.0,0.0,0.0,0.0,True,,,,,,,,,,,,,,,
2020-09-24,7.500000298023224,7.500000298023224,7.500000298023224,7.500000298023224,0.0,0.0,0.0,0.0,True,,,,,,,,,,,,,,,
2020-09-25,7.500000298023224,7.500000298023224,7.500000298023224,7.500000298023224,0.0,0.0,0.0,0.0,True,,,,,,,,,,,,,,,
2020-09-28,7.500000298023224,7.500000298023224,7.500000298023224,7.500000298023224,0.0,0.0,0.0,0.0,True,,,,,,,,,,,,,,,
2020-09-29,7.500000298023224,7.500000298023224,7.500000298023224,7.500000298023224,0.0,0.0,0.0,0.0,True,,,,,,,,,,,,,,,
2020-09-30,7.500000298023224,7.500000298023224,7.500000298023224,7.500000298023224,0.0,0.0,0.0,0.0,True,,,,,,,,,,,,,,,
2020-10-01,7.500000298023224,7.500000298023224,7.500000298023224,7.500000298023224,0.0,0.0,0.0,0.0,True,,,,,,,,,,,,,,,
2020-10-02,7.500000298023224,7.500000298023224,7.500000298023224,7.500000298023224,0.0,0.0,0.0,0.0,True,,,,,,,,,,,,,,,
2020-10-05,7.500000298023224,7.500000298023224,7.500000298023224,7.500000298023224,0.0,0.0,0.0,0.0,True,,,,,,,,,,,,,,,
2020-10-06,7.500000298023224,7.500000298023224,7.500000298023224,7.500000298023224,0.0,0.0,0.0,0.0,True,,,,,,,,,,,,,,,
2020-10-07,7.500000298023224,7.500000298023224,7.500000298023224,7.500000298023224,0.0,0.0,0.0,0.0,True,,,,,,,,,,,,,,,
2020-10-08,7.500000298023224,7.500000298023224,7.500000298023224,7.500000298023224,0.0,0.0,0.0,0.0,True,,,,,,,,,,,,,,,
2020-10-09,7.500000298023224,7.500000298023224,7.500000298023224,7.500000298023224,0.0,0.0,0.0,0.0,True,,,,,,,,,,,,,,,
2020-10-12,7.500000298023224,7.500000298023224,7.500000298023224,7.500000298023224,0.0,0.0,0.0,0.0,True,,,,,,,,,,,,,,,
2020-10-13,7.500000298023224,7.500000298023224,7.500000298023224,7.500000298023224,0.0,0.0,0.0,0.0,True,,,,,,,,,,,,,,,
2020-10-14,7.500000298023224,7.500000298023224,7.500000298023224,7.500000298023224,0.0,0.0,0.0,0.0,True,,,,,,,,,,,,,,,
2020-10-15,7.500000298023224,7.500000298023224,7.500000298023224,7.500000298023224,0.0,0.0,0.0,0.0,True,,,,,,,,,,,,,,,
2020-10-16,7.500000298023224,7.500000298023224,7.500000298023224,7.500000298023224,0.0,0.0,0.0,0.0,True,,,,,,,,,,,,,,,
2020-10-19,7.500000298023224,7.500000298023224,7.500000298023224,7.500000298023224,0.0,0.0,0.0,0.0,True,,,,,,,,,,,,,,,
2020-10-20,7.500000298023224,7.500000298023224,7.500000298023224,7.500000298023224,0.0,0.0,0.0,0.0,True,,,,,,,,,,,,,,,
2020-10-21,7.500000298023224,7.500000298023224,7.500000298023224,7.500000298023224,0.0,0.0,0.0,0.0,True,,,,,,,,,,,,,,,
2020-10-22,7.500000298023224,7.500000298023224,7.500000298023224,7.500000298023224,0.0,0.0,0.0,0.0,True,,,,,,,,,,,,,,,
2020-10-23,7.500000298023224,7.500000298023224,7.500000298023224,7.500000298023224,0.0,0.0,0.0,0.0,True,,,,,,,,,,,,,,,
2020-10-26,7.500000298023224,7.500000298023224,7.500000298023224,7.500000298023224,0.0,0.0,0.0,0.0,True,,,,,,,,,,,,,,,
2020-10-27,7.500000298023224,7.500000298023224,7.500000298023224,7.500000298023224,0.0,0.0,0.0,0.0,True,,,,,,,,,,,,,,,
2020-10-28,7.500000298023224,7.500000298023224,7.500000298023224,7.500000298023224,0.0,0.0,0.0,0.0,True,,,,,,,,,,,,,,,
2020-10-29,7.500000298023224,7.500000298023224,7.500000298023224,7.500000298023224,0.0,0.0,0.0,0.0,True,,,,,,,,,,,,,,,
2020-10-30,7.500000298023224,7.500000298023224,7.500000298023224,7.500000298023224,0.0,0.0,0.0,0.0,True,,,,,,,,,,,,,,,
2020-11-02,7.500000298023224,7.500000298023224,7.500000298023224,7.500000298023224,0.0,0.0,0.0,0.0,True,,,,,,,,,,,,,,,
2020-11-03,7.500000298023224,7.500000298023224,7.500000298023224,7.500000298023224,0.0,0.0,0.0,0.0,True,,,,,,,,,,,,,,,
2020-11-04,7.500000298023224,7.500000298023224,7.500000298023224,7.500000298023224,0.0,0.0,0.0,0.0,True,,,,,,,,,,,,,,,
2020-11-05,7.500000298023224,7.500000298023224,7.500000298023224,7.500000298023224,0.0,0.0,0.0,0.0,True,,,,,,,,,,,,,,,
2020-11-06,7.500000298023224,7.500000298023224,7.500000298023224,7.500000298023224,0.0,0.0,0.0,0.0,True,,,,,,,,,,,,,,,
2020-11-09,7.500000298023224,7.500000298023224,7.500000298023224,7.500000298023224,0.0,0.0,0.0,0.0,True,,,,,,,,,,,,,,,
2020-11-10,7.500000298023224,7.500000298023224,7.500000298023224,7.500000298023224,0.0,0.0,0.0,0.0,True,,,,,,,,,,,,,,,
2020-11-11,7.500000298023224,7.500000298023224,7.500000298023224,7.500000298023224,0.0,0.0,0.0,0.0,True,,,,,,,,,,,,,,,
2020-11-12,7.500000298023224,7.500000298023224,7.500000298023224,7.500000298023224,0.0,0.0,0.0,0.0,True,,,,,,,,,,,,,,,
2020-11-13,7.500000298023224,7.500000298023224,7.500000298023224,7.500000298023224,0.0,0.0,0.0,0.0,True,,,,,,,,,,,,,,,
2020-11-16,7.500000298023224,7.500000298023224,7.500000298023224,7.500000298023224,0.0,0.0,0.0,0.0,True,,,,,,,,,,,,,,,
2020-11-17,7.500000298023224,7.500000298023224,7.500000298023224,7.500000298023224,0.0,0.0,0.0,0.0,True,,,,,,,,,,,,,,,
2020-11-18,7.500000298023224,7.500000298023224,7.500000298023224,7.500000298023224,0.0,0.0,0.0,0.0,True,,,,,,,,,,,,,,,
2020-11-19,7.500000298023224,7.500000298023224,7.500000298023224,7.500000298023224,0.0,0.0,0.0,0.0,True,,,,,,,,,,,,,,,
2020-11-20,7.500000298023224,7.500000298023224,7.500000298023224,7.500000298023224,0.0,0.0,0.0,0.0,True,,,,,,,,,,,,,,,
2020-11-23,7.500000298023224,7.500000298023224,7.500000298023224,7.500000298023224,0.0,0.0,0.0,0.0,True,,,,,,,,,,,,,,,
2020-11-24,7.500000298023224,7.500000298023224,7.500000298023224,7.500000298023224,0.0,0.0,0.0,0.0,True,,,,,,,,,,,,,,,
2020-11-25,7.500000298023224,7.500000298023224,7.500000298023224,7.500000298023224,0.0,0.0,0.0,0.0,True,,,,,,,,,,,,,,,
2020-11-27,7.500000298023224,7.500000298023224,7.500000298023224,7.500000298023224,0.0,0.0,0.0,0.0,True,,,,,,,,,,,,,,,
2020-11-30,7.500000298023224,7.500000298023224,7.500000298023224,7.500000298023224,0.0,0.0,0.0,0.0,True,,,,,,,,,,,,,,,
2020-12-01,7.500000298023224,7.500000298023224,7.500000298023224,7.500000298023224,0.0,0.0,0.0,0.0,True,,,,,,,,,,,,,,,
2020-12-02,9.89999994635582,10.000000149011612,5.000000074505806,7.500000298023224,1468.0,0.0,0.0,0.0,True,,,,,,,,,,,,,,,
2020-12-03,7.500000298023224,7.500000298023224,7.500000298023224,7.500000298023224,0.0,0.0,0.0,0.0,True,,,,,,,,,,,,,,,
2020-12-04,7.500000298023224,7.500000298023224,7.500000298023224,7.500000298023224,0.0,0.0,0.0,0.0,True,,,,,,,,,,,,,,,
2020-12-07,7.500000298023224,7.500000298023224,7.500000298023224,7.500000298023224,0.0,0.0,0.0,0.0,True,,,,,,,,,,,,,,,
2020-12-08,7.500000298023224,7.500000298023224,7.500000298023224,7.500000298023224,0.0,0.0,0.0,0.0,True,,,,,,,,,,,,,,,
2020-12-09,7.500000298023224,7.500000298023224,7.500000298023224,7.500000298023224,0.0,0.0,0.0,0.0,True,,,,,,,,,,,,,,,
2020-12-10,7.500000298023224,7.500000298023224,7.500000298023224,7.500000298023224,0.0,0.0,0.0,0.0,True,,,,,,,,,,,,,,,
2020-12-11,7.500000298023224,7.500000298023224,7.500000298023224,7.500000298023224,0.0,0.0,0.0,0.0,True,,,,,,,,,,,,,,,
2020-12-14,7.500000298023224,7.500000298023224,7.500000298023224,7.500000298023224,0.0,0.0,0.0,0.0,True,,,,,,,,,,,,,,,
2020-12-15,7.500000298023224,7.500000298023224,7.500000298023224,7.500000298023224,0.0,0.0,0.0,0.0,True,,,,,,,,,,,,,,,
2020-12-16,7.500000298023224,7.500000298023224,7.500000298023224,7.500000298023224,0.0,0.0,0.0,0.0,True,,,,,,,,,,,,,,,
2020-12-17,7.500000298023224,7.500000298023224,7.500000298023224,7.500000298023224,0.0,0.0,0.0,0.0,True,,,,,,,,,,,,,,,
2020-12-18,7.500000298023224,7.500000298023224,7.500000298023224,7.500000298023224,0.0,0.0,0.0,0.0,True,,,,,,,,,,,,,,,
2020-12-21,7.500000298023224,7.500000298023224,7.500000298023224,7.500000298023224,0.0,0.0,0.0,0.0,True,,,,,,,,,,,,,,,
2020-12-22,7.500000298023224,7.500000298023224,7.500000298023224,7.500000298023224,0.0,0.0,0.0,0.0,True,,,,,,,,,,,,,,,
2020-12-23,7.500000298023224,7.500000298023224,7.500000298023224,7.500000298023224,0.0,0.0,0.0,0.0,True,,,,,,,,,,,,,,,
2020-12-24,7.500000298023224,7.500000298023224,7.500000298023224,7.500000298023224,0.0,0.0,0.0,0.0,True,,,,,,,,,,,,,,,
2020-12-28,7.500000298023224,7.500000298023224,7.500000298023224,7.500000298023224,0.0,0.0,0.0,0.0,True,,,,,,,,,,,,,,,
2020-12-29,7.500000298023224,7.500000298023224,7.500000298023224,7.500000298023224,0.0,0.0,0.0,0.0,True,,,,,,,,,,,,,,,
2020-12-30,7.500000298023224,7.500000298023224,7.500000298023224,7.500000298023224,0.0,0.0,0.0,0.0,True,,,,,,,,,,,,,,,
2020-12-31,7.500000298023224,7.500000298023224,7.500000298023224,7.500000298023224,0.0,0.0,0.0,0.0,True,,,,,,,,,,,,,,,
2021-01-04,7.500000298023224,9.89999994635582,9.89999994635582,7.500000298023224,312.0,0.0,0.0,0.0,True,,,,,,,,,,,,,,,
2021-01-05,7.500000298023224,7.500000298023224,7.500000298023224,7.500000298023224,0.0,0.0,0.0,0.0,True,,,,,,,,,,,,,,,
2021-01-06,7.500000298023224,7.500000298023224,7.500000298023224,7.500000298023224,0.0,0.0,0.0,0.0,True,,,,,,,,,,,,,,,
2021-01-07,7.500000298023224,7.500000298023224,7.500000298023224,7.500000298023224,0.0,0.0,0.0,0.0,True,,,,,,,,,,,,,,,
2021-01-08,7.500000298023224,10.000000149011612,5.000000074505806,7.500000298023224,825.0,0.0,0.0,0.0,True,,,,,,,,,,,,,,,
2021-01-11,7.500000298023224,7.500000298023224,7.500000298023224,7.500000298023224,0.0,0.0,0.0,0.0,True,,,,,,,,,,,,,,,
2021-01-12,7.500000298023224,7.500000298023224,7.500000298023224,7.500000298023224,0.0,0.0,0.0,0.0,True,,,,,,,,,,,,,,,
2021-01-13,7.500000298023224,7.500000298023224,7.500000298023224,7.500000298023224,0.0,0.0,0.0,0.0,True,,,,,,,,,,,,,,,
2021-01-14,7.500000298023224,9.700000286102297,9.700000286102297,7.500000298023224,156.0,0.0,0.0,0.0,True,,,,,,,,,,,,,,,
2021-01-15,7.500000298023224,9.700000286102297,9.700000286102297,7.500000298023224,2901.0,0.0,0.0,0.0,True,,,,,,,,,,,,,,,
2021-01-19,7.500000298023224,7.500000298023224,7.500000298023224,7.500000298023224,0.0,0.0,0.0,0.0,True,,,,,,,,,,,,,,,
2021-01-20,7.500000298023224,7.500000298023224,7.500000298023224,7.500000298023224,0.0,0.0,0.0,0.0,True,,,,,,,,,,,,,,,
2021-01-21,7.500000298023224,7.500000298023224,7.500000298023224,7.500000298023224,0.0,0.0,0.0,0.0,True,,,,,,,,,,,,,,,
2021-01-22,7.500000298023224,7.500000298023224,7.500000298023224,7.500000298023224,0.0,0.0,0.0,0.0,True,,,,,,,,,,,,,,,
2021-01-25,7.500000298023224,7.500000298023224,7.500000298023224,7.500000298023224,0.0,0.0,0.0,0.0,True,,,,,,,,,,,,,,,
2021-01-26,7.500000298023224,7.500000298023224,7.500000298023224,7.500000298023224,0.0,0.0,0.0,0.0,True,,,,,,,,,,,,,,,
2021-01-27,7.500000298023224,7.500000298023224,7.500000298023224,7.500000298023224,0.0,0.0,0.0,0.0,True,,,,,,,,,,,,,,,
2021-01-28,7.500000298023224,7.500000298023224,7.500000298023224,7.500000298023224,0.0,0.0,0.0,0.0,True,,,,,,,,,,,,,,,
2021-01-29,7.500000298023224,7.500000298023224,7.500000298023224,7.500000298023224,0.0,0.0,0.0,0.0,True,,,,,,,,,,,,,,,
2021-02-01,7.800000160932541,7.800000160932541,5.999999865889549,7.000000029802322,3728.0,0.0,0.0,0.0,True,,,,,,,,,,,,,,,
2021-02-02,7.000000029802322,7.000000029802322,7.000000029802322,7.000000029802322,0.0,0.0,0.0,0.0,True,,,,,,,,,,,,,,,
2021-02-03,7.000000029802322,7.000000029802322,7.000000029802322,7.000000029802322,0.0,0.0,0.0,0.0,True,,,,,,,,,,,,,,,
2021-02-04,5.999999865889549,5.999999865889549,5.999999865889549,7.000000029802322,3.0,0.0,0.0,0.0,True,,,,,,,,,,,,,,,
2021-02-05,7.800000160932541,7.800000160932541,5.999999865889549,7.000000029802322,3158.0,0.0,0.0,0.0,True,,,,,,,,,,,,,,,
2021-02-08,7.000000029802322,7.000000029802322,7.000000029802322,7.000000029802322,0.0,0.0,0.0,0.0,True,,,,,,,,,,,,,,,
2021-02-09,7.000000029802322,7.000000029802322,7.000000029802322,7.000000029802322,0.0,0.0,0.0,0.0,True,,,,,,,,,,,,,,,
2021-02-10,5.999999865889549,5.999999865889549,5.999999865889549,7.000000029802322,133.0,0.0,0.0,0.0,True,,,,,,,,,,,,,,,
2021-02-11,7.000000029802322,7.000000029802322,7.000000029802322,7.000000029802322,0.0,0.0,0.0,0.0,True,,,,,,,,,,,,,,,
2021-02-12,5.999999865889549,5.999999865889549,5.999999865889549,7.000000029802322,17.0,0.0,0.0,0.0,True,,,,,,,,,,,,,,,
2021-02-16,5.999999865889549,5.999999865889549,2.390000037848949,7.000000029802322,16385.0,0.0,0.0,0.0,True,,,,,,,,,,,,,,,
2021-02-17,7.000000029802322,7.000000029802322,7.000000029802322,7.000000029802322,0.0,0.0,0.0,0.0,True,,,,,,,,,,,,,,,
2021-02-18,7.000000029802322,7.000000029802322,7.000000029802322,7.000000029802322,0.0,0.0,0.0,0.0,True,,,,,,,,,,,,,,,
2021-02-19,7.000000029802322,7.000000029802322,7.000000029802322,7.000000029802322,0.0,0.0,0.0,0.0,True,,,,,,,,,,,,,,,
2021-02-22,7.999999821186066,7.999999821186066,7.999999821186066,7.000000029802322,6505.0,0.0,0.0,0.0,True,,,,,,,,,,,,,,,
2021-02-23,5.999999865889549,5.999999865889549,5.999999865889549,7.000000029802322,1000.0,0.0,0.0,0.0,True,,,,,,,,,,,,,,,
2021-02-24,7.000000029802322,7.000000029802322,7.000000029802322,7.000000029802322,0.0,0.0,0.0,0.0,True,,,,,,,,,,,,,,,
2021-02-25,7.000000029802322,7.000000029802322,7.000000029802322,7.000000029802322,0.0,0.0,0.0,0.0,True,,,,,,,,,,,,,,,
2021-02-26,5.999999865889549,5.999999865889549,5.999999865889549,5.999999865889549,156.0,0.0,0.0,0.0,True,,,,,,,,,,,,,,,
2021-03-01,7.800000160932541,7.800000160932541,7.800000160932541,7.000000029802322,2551.0,0.0,0.0,0.0,True,,,,,,,,,,,,,,,
2021-03-02,7.800000160932541,7.800000160932541,7.000000029802322,7.500000298023224,27867.0,0.0,0.0,0.0,True,,,,,,,,,,,,,,,
2021-03-03,7.500000298023224,7.500000298023224,7.500000298023224,7.500000298023224,10520.0,0.0,0.0,0.0,True,,,,,,,,,,,,,,,
2021-03-04,7.500000298023224,7.500000298023224,7.500000298023224,7.500000298023224,0.0,0.0,0.0,0.0,True,,,,,,,,,,,,,,,
2021-03-05,7.999999821186066,7.999999821186066,7.999999821186066,7.500000298023224,5970.0,0.0,0.0,0.0,True,,,,,,,,,,,,,,,
2021-03-08,7.000000029802322,7.500000298023224,7.000000029802322,7.500000298023224,30635.0,0.0,0.0,0.0,True,,,,,,,,,,,,,,,
2021-03-09,7.000000029802322,7.000000029802322,7.000000029802322,7.500000298023224,45000.0,0.0,0.0,0.0,True,,,,,,,,,,,,,,,
2021-03-10,7.500000298023224,7.500000298023224,7.500000298023224,7.500000298023224,0.0,0.0,0.0,0.0,True,,,,,,,,,,,,,,,
2021-03-11,7.500000298023224,7.500000298023224,7.500000298023224,7.500000298023224,15000.0,0.0,0.0,0.0,True,,,,,,,,,,,,,,,
2021-03-12,7.500000298023224,7.500000298023224,7.500000298023224,7.500000298023224,0.0,0.0,0.0,0.0,True,,,,,,,,,,,,,,,
2021-03-15,7.000000029802322,7.039999961853027,7.000000029802322,7.500000298023224,153030.0,0.0,0.0,0.0,True,,,,,,,,,,,,,,,
2021-03-16,7.500000298023224,7.500000298023224,7.500000298023224,7.500000298023224,0.0,0.0,0.0,0.0,True,,,,,,,,,,,,,,,
2021-03-17,7.400000095367432,7.400000095367432,6.499999761581421,7.500000298023224,31055.0,0.0,0.0,0.0,True,,,,,,,,,,,,,,,
2021-03-18,7.500000298023224,7.500000298023224,7.500000298023224,7.500000298023224,0.0,0.0,0.0,0.0,True,,,,,,,,,,,,,,,
2021-03-19,7.400000095367432,10.999999940395355,7.400000095367432,10.000000149011612,330925.0,0.0,0.0,0.0,True,,,,,,,,,,,,,,,
2021-03-22,10.80000028014183,11.9999997317791,10.000000149011612,10.000000149011612,678949.0,0.0,0.0,0.0,True,,,,,,,,,,,,,,,
2021-03-23,12.300000339746475,12.300000339746475,10.999999940395355,10.999999940395355,39346.0,0.0,0.0,0.0,True,,,,,,,,,,,,,,,
2021-03-24,12.800000607967377,14.900000393390656,11.500000208616257,13.500000536441805,238072.0,0.0,0.0,0.0,True,,,,,,,,,,,,,,,
2021-03-25,14.699999988079073,14.699999988079073,11.9999997317791,13.500000536441805,31803.0,0.0,0.0,0.0,True,,,,,,,,,,,,,,,
2021-03-26,14.339999854564669,14.339999854564669,11.9999997317791,11.9999997317791,63152.0,0.0,0.0,0.0,True,,,,,,,,,,,,,,,
2021-03-29,12.999999523162842,11.9999997317791,10.000000149011612,12.999999523162842,83468.0,0.0,0.0,0.0,True,,,,,,,,,,,,,,,
2021-03-30,12.999999523162842,12.5,10.000000149011612,12.999999523162842,35341.0,0.0,0.0,0.0,True,,,,,,,,,,,,,,,
2021-03-31,12.999999523162842,11.9999997317791,11.9999997317791,12.999999523162842,99.0,0.0,0.0,0.0,True,,,,,,,,,,,,,,,
2021-04-01,12.999999523162842,11.9999997317791,11.9999997317791,12.999999523162842,300.0,0.0,0.0,0.0,True,,,,,,,,,,,,,,,
2021-04-05,12.999999523162842,12.999999523162842,12.999999523162842,12.999999523162842,0.0,0.0,0.0,0.0,True,,,,,,,,,,,,,,,
2021-04-06,12.999999523162842,12.999999523162842,10.000000149011612,11.9999997317791,103148.0,0.0,0.0,0.0,True,,,,,,,,,,,,,,,
2021-04-07,11.9999997317791,11.9999997317791,11.9999997317791,11.9999997317791,0.0,0.0,0.0,0.0,True,,,,,,,,,,,,,,,
2021-04-08,11.9999997317791,10.999999940395355,9.000000357627869,11.9999997317791,43000.0,0.0,0.0,0.0,True,,,,,,,,,,,,,,,
2021-04-09,11.9999997317791,10.999999940395355,9.000000357627869,11.9999997317791,88654.0,0.0,0.0,0.0,True,,,,,,,,,,,,,,,
2021-04-12,11.9999997317791,10.999999940395355,10.999999940395355,11.9999997317791,5813.0,0.0,0.0,0.0,True,,,,,,,,,,,,,,,
2021-04-13,11.9999997317791,11.9999997317791,11.9999997317791,11.9999997317791,0.0,0.0,0.0,0.0,True,,,,,,,,,,,,,,,
2021-04-14,11.9999997317791,11.9999997317791,11.9999997317791,11.9999997317791,0.0,0.0,0.0,0.0,True,,,,,,,,,,,,,,,
2021-04-15,11.9999997317791,12.999999523162842,11.400000005960464,11.9999997317791,2110.0,0.0,0.0,0.0,True,,,,,,,,,,,,,,,
2021-04-16,11.9999997317791,10.999999940395355,10.000000149011612,11.500000208616257,39062.0,0.0,0.0,0.0,True,,,,,,,,,,,,,,,
2021-04-19,11.500000208616257,10.999999940395355,10.000000149011612,11.500000208616257,7044.0,0.0,0.0,0.0,True,,,,,,,,,,,,,,,
2021-04-20,11.500000208616257,11.500000208616257,11.500000208616257,11.500000208616257,0.0,0.0,0.0,0.0,True,,,,,,,,,,,,,,,
2021-04-21,11.500000208616257,8.20000022649765,8.20000022649765,11.500000208616257,49886.0,0.0,0.0,0.0,True,,,,,,,,,,,,,,,
2021-04-22,11.500000208616257,11.500000208616257,11.500000208616257,11.500000208616257,0.0,0.0,0.0,0.0,True,,,,,,,,,,,,,,,
2021-04-23,10.999999940395355,10.999999940395355,10.000000149011612,10.999999940395355,92085.0,0.0,0.0,0.0,True,,,,,,,,,,,,,,,
2021-04-26,10.999999940395355,7.649999856948851,7.649999856948851,10.999999940395355,50000.0,0.0,0.0,0.0,True,,,,,,,,,,,,,,,
2021-04-27,10.999999940395355,11.9999997317791,7.199999690055847,10.999999940395355,41994.0,0.0,0.0,0.0,True,,,,,,,,,,,,,,,
2021-04-28,10.999999940395355,10.000000149011612,7.500000298023224,10.000000149011612,143211.0,0.0,0.0,0.0,True,,,,,,,,,,,,,,,
2021-04-29,10.000000149011612,9.279999881982803,9.000000357627869,10.000000149011612,32659.0,0.0,0.0,0.0,True,,,,,,,,,,,,,,,
2021-04-30,10.000000149011612,12.89999932050705,9.000000357627869,11.500000208616257,263778.0,0.0,0.0,0.0,True,,,,,,,,,,,,,,,
2021-05-03,11.500000208616257,11.500000208616257,11.500000208616257,11.500000208616257,0.0,0.0,0.0,0.0,True,,,,,,,,,,,,,,,
2021-05-04,11.500000208616257,12.89999932050705,9.000000357627869,11.500000208616257,174240.0,0.0,0.0,0.0,True,,,,,,,,,,,,,,,
2021-05-05,11.500000208616257,12.999999523162842,10.000000149011612,10.999999940395355,90813.0,0.0,0.0,0.0,True,,,,,,,,,,,,,,,
2021-05-06,10.999999940395355,12.89999932050705,12.89999932050705,10.999999940395355,52798.0,0.0,0.0,0.0,True,,,,,,,,,,,,,,,
2021-05-07,10.999999940395355,13.30000013113022,10.000000149011612,10.999999940395355,25198.0,0.0,0.0,0.0,True,,,,,,,,,,,,,,,
2021-05-10,10.999999940395355,10.999999940395355,10.999999940395355,10.999999940395355,0.0,0.0,0.0,0.0,True,,,,,,,,,,,,,,,
2021-05-11,10.999999940395355,12.999999523162842,9.399999678134918,10.999999940395355,8772.0,0.0,0.0,0.0,True,,,,,,,,,,,,,,,
2021-05-12,10.999999940395355,10.199999809265137,9.000000357627869,9.49999988079071,192481.0,0.0,0.0,0.0,True,,,,,,,,,,,,,,,
2021-05-13,9.49999988079071,9.49999988079071,8.749999850988388,9.49999988079071,80709.0,0.0,0.0,0.0,True,,,,,,,,,,,,,,,
2021-05-14,9.49999988079071,9.49999988079071,9.0999998152256,10.499999672174454,20442.0,0.0,0.0,0.0,True,,,,,,,,,,,,,,,
2021-05-17,10.499999672174454,10.40000021457672,10.40000021457672,10.499999672174454,9918.0,0.0,0.0,0.0,True,,,,,,,,,,,,,,,
2021-05-18,10.499999672174454,9.300000220537186,9.300000220537186,10.499999672174454,24.0,0.0,0.0,0.0,True,,,,,,,,,,,,,,,
2021-05-19,10.499999672174454,9.000000357627869,8.60000029206276,10.499999672174454,106795.0,0.0,0.0,0.0,True,,,,,,,,,,,,,,,
2021-05-20,10.499999672174454,9.000000357627869,7.999999821186066,10.499999672174454,138508.0,0.0,0.0,0.0,True,,,,,,,,,,,,,,,
2021-05-21,10.499999672174454,10.000000149011612,10.000000149011612,10.499999672174454,2500.0,0.0,0.0,0.0,True,,,,,,,,,,,,,,,
2021-05-24,10.499999672174454,10.40000021457672,8.299999684095383,10.499999672174454,182163.0,0.0,0.0,0.0,True,,,,,,,,,,,,,,,
2021-05-25,10.499999672174454,10.440000146627426,7.999999821186066,10.499999672174454,280299.0,0.0,0.0,0.0,True,,,,,,,,,,,,,,,
2021-05-26,10.499999672174454,10.40000021457672,7.999999821186066,10.499999672174454,41085.0,0.0,0.0,0.0,True,,,,,,,,,,,,,,,
2021-05-27,10.499999672174454,10.54999977350235,10.40000021457672,10.499999672174454,42369.0,0.0,0.0,0.0,True,,,,,,,,,,,,,,,
2021-05-28,10.499999672174454,10.899999737739565,10.54999977350235,10.499999672174454,69504.0,0.0,0.0,0.0,True,,,,,,,,,,,,,,,
2021-06-01,10.999999940395355,7.999999821186066,7.999999821186066,10.999999940395355,70000.0,0.0,0.0,0.0,True,,,,,,,,,,,,,,,
2021-06-02,10.999999940395355,9.300000220537186,9.300000220537186,10.499999672174454,39.0,0.0,0.0,0.0,True,,,,,,,,,,,,,,,
2021-06-03,10.499999672174454,9.300000220537186,9.300000220537186,10.499999672174454,72.0,0.0,0.0,0.0,True,,,,,,,,,,,,,,,
2021-06-04,10.499999672174454,10.499999672174454,10.499999672174454,10.499999672174454,7125.0,0.0,0.0,0.0,True,,,,,,,,,,,,,,,
2021-06-07,10.499999672174454,9.000000357627869,9.000000357627869,10.499999672174454,204.0,0.0,0.0,0.0,True,,,,,,,,,,,,,,,
2021-06-08,10.499999672174454,8.150000125169754,8.150000125169754,10.499999672174454,50000.0,0.0,0.0,0.0,True,,,,,,,,,,,,,,,
2021-06-09,10.499999672174454,9.000000357627869,8.299999684095383,10.499999672174454,26363.0,0.0,0.0,0.0,True,,,,,,,,,,,,,,,
2021-06-10,10.499999672174454,9.000000357627869,8.299999684095383,10.000000149011612,100930.0,0.0,0.0,0.0,True,,,,,,,,,,,,,,,
2021-06-11,10.000000149011612,10.000000149011612,10.000000149011612,10.000000149011612,0.0,0.0,0.0,0.0,True,,,,,,,,,,,,,,,
2021-06-14,10.000000149011612,10.000000149011612,10.000000149011612,10.000000149011612,0.0,0.0,0.0,0.0,True,,,,,,,,,,,,,,,
2021-06-15,10.000000149011612,9.000000357627869,7.999999821186066,8.500000089406967,120039.0,0.0,0.0,0.0,True,,,,,,,,,,,,,,,
2021-06-16,8.500000089406967,8.550000190734863,7.999999821186066,8.500000089406967,17200.0,0.0,0.0,0.0,True,,,,,,,,,,,,,,,
2021-06-17,8.500000089406967,8.801999688148499,7.999999821186066,8.500000089406967,314709.0,0.0,0.0,0.0,True,,,,,,,,,,,,,,,
2021-06-18,8.500000089406967,8.500000089406967,8.500000089406967,8.500000089406967,0.0,0.0,0.0,0.0,True,,,,,,,,,,,,,,,
2021-06-21,8.500000089406967,11.9999997317791,8.799999952316284,10.499999672174454,298373.0,0.0,0.0,0.0,True,,,,,,,,,,,,,,,
2021-06-29,11.500000208616257,10.000000149011612,10.000000149011612,11.500000208616257,1000.0,0.0,0.0,0.0,True,,,,,,,,,,,,,,,
2021-06-30,11.500000208616257,11.500000208616257,11.500000208616257,11.500000208616257,0.0,0.0,0.0,0.0,True,,,,,,,,,,,,,,,
2021-07-01,10.999999940395355,10.000000149011612,10.000000149011612,11.500000208616257,30.0,0.0,0.0,0.0,True,,,,,,,,,,,,,,,
2021-07-02,11.500000208616257,10.80000028014183,8.20000022649765,10.999999940395355,123550.0,0.0,0.0,0.0,True,,,,,,,,,,,,,,,
2021-07-06,10.999999940395355,9.000000357627869,9.000000357627869,10.999999940395355,10000.0,0.0,0.0,0.0,True,,,,,,,,,,,,,,,
2021-07-07,10.999999940395355,7.500000298023224,7.500000298023224,10.999999940395355,175829.0,0.0,0.0,0.0,True,,,,,,,,,,,,,,,
2021-07-08,10.999999940395355,10.000000149011612,9.440000355243685,10.000000149011612,3194.0,0.0,0.0,0.0,True,,,,,,,,,,,,,,,
2021-07-09,10.000000149011612,10.000000149011612,10.000000149011612,10.000000149011612,0.0,0.0,0.0,0.0,True,,,,,,,,,,,,,,,
2021-07-12,10.000000149011612,10.000000149011612,10.000000149011612,10.000000149011612,0.0,0.0,0.0,0.0,True,,,,,,,,,,,,,,,
2021-07-13,10.000000149011612,9.440000355243685,9.000000357627869,10.000000149011612,21303.0,0.0,0.0,0.0,True,,,,,,,,,,,,,,,
2021-07-14,10.000000149011612,9.000000357627869,9.000000357627869,10.000000149011612,1606.0,0.0,0.0,0.0,True,,,,,,,,,,,,,,,
2021-07-15,10.000000149011612,9.571000188589096,9.571000188589096,10.000000149011612,8294.0,0.0,0.0,0.0,True,,,,,,,,,,,,,,,
2021-07-16,10.000000149011612,9.571000188589096,9.571000188589096,10.000000149011612,2588.0,0.0,0.0,0.0,True,,,,,,,,,,,,,,,
2021-07-19,10.000000149011612,9.549999982118608,9.000000357627869,10.000000149011612,43783.0,0.0,0.0,0.0,True,,,,,,,,,,,,,,,
2021-07-20,10.000000149011612,7.000000029802322,7.000000029802322,10.000000149011612,60000.0,0.0,0.0,0.0,True,,,,,,,,,,,,,,,
2021-07-21,10.499999672174454,9.549999982118608,9.000000357627869,10.000000149011612,26203.0,0.0,0.0,0.0,True,,,,,,,,,,,,,,,
2021-07-22,10.000000149011612,9.000000357627869,7.999999821186066,9.000000357627869,25011.0,0.0,0.0,0.0,True,,,,,,,,,,,,,,,
2021-07-23,9.000000357627869,7.999999821186066,7.999999821186066,9.000000357627869,19870.0,0.0,0.0,0.0,True,,,,,,,,,,,,,,,
2021-07-26,9.000000357627869,9.000000357627869,9.000000357627869,9.000000357627869,0.0,0.0,0.0,0.0,True,,,,,,,,,,,,,,,
2021-07-27,9.000000357627869,8.900000154972076,7.999999821186066,9.000000357627869,325391.0,0.0,0.0,0.0,True,,,,,,,,,,,,,,,
2021-07-28,9.000000357627869,7.999999821186066,7.999999821186066,9.000000357627869,354.0,0.0,0.0,0.0,True,,,,,,,,,,,,,,,
2021-07-29,9.000000357627869,7.999999821186066,7.599999755620956,9.000000357627869,50050.0,0.0,0.0,0.0,True,,,,,,,,,,,,,,,
2021-07-30,9.000000357627869,9.290000051259996,7.199999690055847,7.999999821186066,125438.0,0.0,0.0,0.0,True,,,,,,,,,,,,,,,
2021-08-02,7.999999821186066,10.499999672174454,8.900000154972076,9.49999988079071,245582.0,0.0,0.0,0.0,True,,,,,,,,,,,,,,,
2021-08-03,9.49999988079071,10.499999672174454,9.700000286102297,9.49999988079071,184449.0,0.0,0.0,0.0,True,,,,,,,,,,,,,,,
2021-08-04,9.49999988079071,9.49999988079071,9.49999988079071,9.49999988079071,0.0,0.0,0.0,0.0,True,,,,,,,,,,,,,,,
2021-08-05,9.49999988079071,9.3299999833107,9.3299999833107,9.49999988079071,39.0,0.0,0.0,0.0,True,,,,,,,,,,,,,,,
2021-08-06,9.49999988079071,11.500000208616257,9.3299999833107,10.750000178813934,56000.0,0.0,0.0,0.0,True,,,,,,,,,,,,,,,
2021-08-09,10.750000178813934,12.5,11.675000190734863,11.749999970197678,55064.0,0.0,0.0,0.0,True,,,,,,,,,,,,,,,
2021-08-10,11.9999997317791,14.000000059604645,11.900000274181366,12.999999523162842,59516.0,0.0,0.0,0.0,True,,,,,,,,,,,,,,,
2021-08-11,12.999999523162842,14.499999582767488,14.000000059604645,14.499999582767488,13868.0,0.0,0.0,0.0,True,,,,,,,,,,,,,,,
2021-08-12,14.499999582767488,15.50000011920929,14.000000059604645,14.749999344348907,268696.0,0.0,0.0,0.0,True,,,,,,,,,,,,,,,
2021-08-13,14.749999344348907,15.850000083446504,15.080000460147858,15.50000011920929,407106.0,0.0,0.0,0.0,True,,,,,,,,,,,,,,,
2021-08-16,15.50000011920929,15.700000524520874,15.000000596046448,15.50000011920929,114167.0,0.0,0.0,0.0,True,,,,,,,,,,,,,,,
2021-08-17,15.50000011920929,15.466000139713287,12.999999523162842,12.999999523162842,256097.0,0.0,0.0,0.0,True,,,,,,,,,,,,,,,
2021-08-18,12.999999523162842,12.999999523162842,12.999999523162842,12.999999523162842,0.0,0.0,0.0,0.0,True,,,,,,,,,,,,,,,
2021-08-19,12.999999523162842,13.199999928474426,12.700000405311584,12.74999976158142,53742.0,0.0,0.0,0.0,True,,,,,,,,,,,,,,,
2021-08-20,12.74999976158142,12.74999976158142,12.74999976158142,12.74999976158142,0.0,0.0,0.0,0.0,True,,,,,,,,,,,,,,,
2021-08-23,12.74999976158142,13.899999856948853,12.950000166893004,13.750000298023224,164696.0,0.0,0.0,0.0,True,,,,,,,,,,,,,,,
2021-08-24,13.750000298023224,12.950000166893004,12.950000166893004,13.750000298023224,23000.0,0.0,0.0,0.0,True,,,,,,,,,,,,,,,
2021-08-25,13.750000298023224,12.950000166893004,12.549999356269836,12.74999976158142,133006.0,0.0,0.0,0.0,True,,,,,,,,,,,,,,,
2021-08-26,12.74999976158142,12.950000166893004,12.549999356269836,12.74999976158142,2000.0,0.0,0.0,0.0,True,,,,,,,,,,,,,,,
2021-08-27,12.74999976158142,12.939999997615814,12.549999356269836,12.74999976158142,12005.0,0.0,0.0,0.0,True,,,,,,,,,,,,,,,
2021-08-30,12.74999976158142,12.74999976158142,12.74999976158142,12.74999976158142,0.0,0.0,0.0,0.0,True,,,,,,,,,,,,,,,
2021-08-31,12.74999976158142,12.929999828338625,12.880000472068788,12.74999976158142,11750.0,0.0,0.0,0.0,True,,,,,,,,,,,,,,,
2021-09-01,12.74999976158142,12.880000472068788,12.16999962925911,12.25000023841858,114582.0,0.0,0.0,0.0,True,,,,,,,,,,,,,,,
2021-09-02,12.25000023841858,12.925000488758087,11.649999767541884,12.25000023841858,1243.0,0.0,0.0,0.0,True,,,,,,,,,,,,,,,
2021-09-03,12.25000023841858,12.925000488758087,12.925000488758087,12.25000023841858,1599.0,0.0,0.0,0.0,True,,,,,,,,,,,,,,,
2021-09-07,12.75,13.5,13.5,13.0,17000.0,0.0,0.0,0.0,False,,,,,,,,,,,,,,,
2021-09-08,13.0,13.5,13.300000190734863,13.0,15591.0,0.0,0.0,0.0,False,,,,,,,,,,,,,,,
2021-09-09,13.0,12.699999809265137,12.699999809265137,13.0,10540.0,0.0,0.0,0.0,False,,,,,,,,,,,,,,,
2021-09-10,14.0,16.0,13.550000190734863,14.0,721411.0,0.0,0.0,0.0,False,,,,,,,,,,,,,,,
2021-09-13,14.0,14.43000030517578,14.43000030517578,14.0,4204.0,0.0,0.0,0.0,False,,,,,,,,,,,,,,,
2021-09-14,14.0,13.949999809265137,13.75,14.0,25014.0,0.0,0.0,0.0,False,,,,,,,,,,,,,,,
2021-09-15,14.0,14.399999618530272,13.550000190734863,13.75,257523.0,0.0,0.0,0.0,False,,,,,,,,,,,,,,,
2021-09-16,13.75,13.970000267028809,13.68000030517578,13.75,114892.0,0.0,0.0,0.0,False,,,,,,,,,,,,,,,
2021-09-17,13.75,13.970000267028809,13.625,13.75,55646.0,0.0,0.0,0.0,False,,,,,,,,,,,,,,,
2021-09-20,13.75,13.5,13.5,13.75,293.0,0.0,0.0,0.0,False,,,,,,,,,,,,,,,
2021-09-21,13.75,13.899999618530272,13.0,13.5,234566.0,0.0,0.0,0.0,False,,,,,,,,,,,,,,,
2021-09-22,13.5,13.399999618530272,13.0,13.25,1505.0,0.0,0.0,0.0,False,,,,,,,,,,,,,,,
2021-09-23,13.25,13.25,13.25,13.25,0.0,0.0,0.0,0.0,False,,,,,,,,,,,,,,,
2021-09-24,13.25,13.0,13.0,13.25,256.0,0.0,0.0,0.0,False,,,,,,,,,,,,,,,
2021-09-27,13.25,13.25,13.25,13.25,0.0,0.0,0.0,0.0,False,,,,,,,,,,,,,,,
2021-09-28,13.25,13.270000457763672,13.0,13.25,3969.0,0.0,0.0,0.0,False,,,,,,,,,,,,,,,
2021-09-29,13.25,13.270000457763672,13.270000457763672,13.25,15500.0,0.0,0.0,0.0,False,,,,,,,,,,,,,,,
2021-09-30,13.25,13.25,13.25,13.25,0.0,0.0,0.0,0.0,False,,,,,,,,,,,,,,,
2021-10-01,13.25,13.0,12.300000190734863,13.0,76931.0,0.0,0.0,0.0,False,,,,,,,,,,,,,,,
2021-10-04,13.0,13.220000267028809,12.0600004196167,12.25,162509.0,0.0,0.0,0.0,False,,,,,,,,,,,,,,,
2021-10-05,12.25,11.5600004196167,11.54800033569336,11.5,78475.0,0.0,0.0,0.0,False,,,,,,,,,,,,,,,
2021-10-06,11.5,11.449999809265137,11.100000381469728,11.75,342684.0,0.0,0.0,0.0,False,,,,,,,,,,,,,,,
2021-10-07,11.75,11.600000381469728,11.600000381469728,11.850000381469728,24300.0,0.0,0.0,0.0,False,,,,,,,,,,,,,,,
2021-10-08,11.850000381469728,11.850000381469728,11.850000381469728,11.850000381469728,0.0,0.0,0.0,0.0,False,,,,,,,,,,,,,,,
2021-10-11,11.850000381469728,12.25,11.739999771118164,12.25,273506.0,0.0,0.0,0.0,False,,,,,,,,,,,,,,,
2021-10-12,12.25,12.29300022125244,12.210000038146973,12.25,6149.0,0.0,0.0,0.0,False,,,,,,,,,,,,,,,
2021-10-13,12.550000190734863,12.899999618530272,12.5,12.75,107800.0,0.0,0.0,0.0,False,,,,,,,,,,,,,,,
2021-10-14,12.75,12.699999809265137,12.5,12.75,141769.0,0.0,0.0,0.0,False,,,,,,,,,,,,,,,
2021-10-15,12.75,12.75,12.75,12.75,0.0,0.0,0.0,0.0,False,,,,,,,,,,,,,,,
2021-10-18,12.75,12.5,11.550000190734863,12.75,150200.0,0.0,0.0,0.0,False,,,,,,,,,,,,,,,
2021-10-19,12.75,12.5,10.600000381469728,10.600000381469728,160909.0,0.0,0.0,0.0,False,,,,,,,,,,,,,,,
2021-10-20,12.75,12.550000190734863,12.550000190734863,12.75,2330.0,0.0,0.0,0.0,False,,,,,,,,,,,,,,,
2021-10-21,12.75,12.524999618530272,11.100000381469728,11.100000381469728,88985.0,0.0,0.0,0.0,False,,,,,,,,,,,,,,,
2021-10-22,12.75,13.0,11.5,12.75,41164.0,0.0,0.0,0.0,False,,,,,,,,,,,,,,,
2021-10-25,12.75,11.100000381469728,11.100000381469728,12.75,20000.0,0.0,0.0,0.0,False,,,,,,,,,,,,,,,
2021-10-26,12.75,12.5,10.5,12.75,12008.0,0.0,0.0,0.0,False,,,,,,,,,,,,,,,
2021-10-27,12.75,10.550000190734863,10.5,10.550000190734863,30000.0,0.0,0.0,0.0,False,,,,,,,,,,,,,,,
2021-10-28,12.75,13.0,10.550000190734863,12.75,289134.0,0.0,0.0,0.0,False,,,,,,,,,,,,,,,
2021-10-29,12.75,13.0,10.800000190734863,12.75,179082.0,0.0,0.0,0.0,False,,,,,,,,,,,,,,,
2021-11-01,12.75,12.5,10.800000190734863,12.75,8707.0,0.0,0.0,0.0,False,,,,,,,,,,,,,,,
2021-11-02,12.75,12.75,12.75,12.75,0.0,0.0,0.0,0.0,False,,,,,,,,,,,,,,,
2021-11-03,12.75,12.75,12.75,12.75,0.0,0.0,0.0,0.0,False,,,,,,,,,,,,,,,
2021-11-04,12.75,10.800000190734863,10.800000190734863,12.75,16065.0,0.0,0.0,0.0,False,,,,,,,,,,,,,,,
2021-11-05,12.75,12.475000381469728,12.475000381469728,12.75,15550.0,0.0,0.0,0.0,False,,,,,,,,,,,,,,,
2021-11-08,12.75,12.75,12.75,12.75,0.0,0.0,0.0,0.0,False,,,,,,,,,,,,,,,
2021-11-09,12.75,12.75,12.75,12.75,0.0,0.0,0.0,0.0,False,,,,,,,,,,,,,,,
2021-11-10,12.75,12.75,12.75,12.75,0.0,0.0,0.0,0.0,False,,,,,,,,,,,,,,,
2021-11-11,12.75,12.75,12.75,12.75,0.0,0.0,0.0,0.0,False,,,,,,,,,,,,,,,
2021-11-12,12.75,12.75,12.75,12.75,0.0,0.0,0.0,0.0,False,,,,,,,,,,,,,,,
2021-11-15,12.75,12.75,12.75,12.75,0.0,0.0,0.0,0.0,False,,,,,,,,,,,,,,,
2021-11-16,12.75,12.75,12.75,12.75,0.0,0.0,0.0,0.0,False,,,,,,,,,,,,,,,
2021-11-17,12.75,12.75,12.75,12.75,0.0,0.0,0.0,0.0,False,,,,,,,,,,,,,,,
2021-11-18,12.75,12.75,12.75,12.75,0.0,0.0,0.0,0.0,False,,,,,,,,,,,,,,,
2021-11-19,12.75,12.75,12.75,12.75,0.0,0.0,0.0,0.0,False,,,,,,,,,,,,,,,
2021-11-22,12.75,12.75,12.75,12.75,0.0,0.0,0.0,0.0,False,,,,,,,,,,,,,,,
2021-11-23,12.75,12.75,12.75,12.75,0.0,0.0,0.0,0.0,False,,,,,,,,,,,,,,,
2021-11-24,12.75,12.75,12.75,12.75,0.0,0.0,0.0,0.0,False,,,,,,,,,,,,,,,
2021-11-26,12.75,12.75,12.75,12.75,0.0,0.0,0.0,0.0,False,,,,,,,,,,,,,,,
2021-11-29,12.75,12.75,12.75,12.75,0.0,0.0,0.0,0.0,False,,,,,,,,,,,,,,,
2021-11-30,12.75,12.75,12.75,12.75,0.0,0.0,0.0,0.0,False,,,,,,,,,,,,,,,
2021-12-01,12.75,12.75,12.75,12.75,0.0,0.0,0.0,0.0,False,,,,,,,,,,,,,,,
2021-12-02,12.75,12.75,12.75,12.75,0.0,0.0,0.0,0.0,False,,,,,,,,,,,,,,,
2021-12-03,12.75,12.75,12.75,12.75,0.0,0.0,0.0,0.0,False,,,,,,,,,,,,,,,
2021-12-06,12.75,12.75,12.75,12.75,0.0,0.0,0.0,0.0,False,,,,,,,,,,,,,,,
2021-12-07,12.75,12.75,12.75,12.75,0.0,0.0,0.0,0.0,False,,,,,,,,,,,,,,,
2021-12-08,12.75,12.75,12.75,12.75,0.0,0.0,0.0,0.0,False,,,,,,,,,,,,,,,
2021-12-09,12.75,12.75,12.75,12.75,0.0,0.0,0.0,0.0,False,,,,,,,,,,,,,,,
2021-12-10,12.75,12.75,12.75,12.75,0.0,0.0,0.0,0.0,False,,,,,,,,,,,,,,,
2021-12-13,12.75,12.75,12.75,12.75,0.0,0.0,0.0,0.0,False,,,,,,,,,,,,,,,
2021-12-14,12.75,12.75,12.75,12.75,0.0,0.0,0.0,0.0,False,,,,,,,,,,,,,,,
2021-12-15,12.75,12.75,12.75,12.75,0.0,0.0,0.0,0.0,False,,,,,,,,,,,,,,,
2021-12-16,12.75,12.75,12.75,12.75,0.0,0.0,0.0,0.0,False,,,,,,,,,,,,,,,
2021-12-17,12.75,12.75,12.75,12.75,0.0,0.0,0.0,0.0,False,,,,,,,,,,,,,,,
2021-12-20,12.75,12.75,12.75,12.75,0.0,0.0,0.0,0.0,False,,,,,,,,,,,,,,,
2021-12-21,12.75,12.75,12.75,12.75,0.0,0.0,0.0,0.0,False,,,,,,,,,,,,,,,
2021-12-22,12.75,12.75,12.75,12.75,0.0,0.0,0.0,0.0,False,,,,,,,,,,,,,,,
2021-12-23,12.75,12.75,12.75,12.75,0.0,0.0,0.0,0.0,False,,,,,,,,,,,,,,,
2021-12-27,11.25,11.25,11.25,11.25,0.0,0.0,0.0,0.0,False,,,,,,,,,,,,,,,
2021-12-28,11.25,11.25,11.25,11.25,0.0,0.0,0.0,0.0,False,,,,,,,,,,,,,,,
2021-12-29,11.25,11.25,11.25,11.25,0.0,0.0,0.0,0.0,False,,,,,,,,,,,,,,,
2021-12-30,11.25,11.130000114440918,11.130000114440918,11.25,17736.0,0.0,0.0,0.0,False,,,,,,,,,,,,,,,
2021-12-31,11.25,11.25,11.25,11.25,0.0,0.0,0.0,0.0,False,,,,,,,,,,,,,,,
2022-01-03,11.25,11.25,11.25,11.25,0.0,0.0,0.0,0.0,False,,,,,,,,,,,,,,,
2022-01-04,11.25,11.25,11.25,11.25,0.0,0.0,0.0,0.0,False,,,,,,,,,,,,,,,
2022-01-05,11.25,11.25,11.25,11.25,0.0,0.0,0.0,0.0,False,,,,,,,,,,,,,,,
2022-01-06,11.25,11.25,11.25,11.25,0.0,0.0,0.0,0.0,False,,,,,,,,,,,,,,,
2022-01-07,11.25,11.25,11.25,11.25,0.0,0.0,0.0,0.0,False,,,,,,,,,,,,,,,
2022-01-10,11.25,11.25,11.25,11.25,0.0,0.0,0.0,0.0,False,,,,,,,,,,,,,,,
2022-01-11,11.25,11.25,11.25,11.25,0.0,0.0,0.0,0.0,False,,,,,,,,,,,,,,,
2022-01-12,11.25,11.25,11.25,11.25,0.0,0.0,0.0,0.0,False,,,,,,,,,,,,,,,
2022-01-13,11.350000381469728,10.5,10.5,11.350000381469728,50000.0,0.0,0.0,0.0,False,,,,,,,,,,,,,,,
2022-01-14,11.350000381469728,11.350000381469728,11.350000381469728,11.350000381469728,0.0,0.0,0.0,0.0,False,,,,,,,,,,,,,,,
2022-01-18,11.350000381469728,11.350000381469728,11.350000381469728,11.350000381469728,0.0,0.0,0.0,0.0,False,,,,,,,,,,,,,,,
2022-01-19,11.350000381469728,11.350000381469728,11.350000381469728,11.350000381469728,0.0,0.0,0.0,0.0,False,,,,,,,,,,,,,,,
2022-01-20,11.350000381469728,11.350000381469728,11.350000381469728,11.350000381469728,0.0,0.0,0.0,0.0,False,,,,,,,,,,,,,,,
2022-01-21,11.350000381469728,11.350000381469728,11.350000381469728,11.350000381469728,0.0,0.0,0.0,0.0,False,,,,,,,,,,,,,,,
2022-01-24,11.350000381469728,11.350000381469728,11.350000381469728,11.350000381469728,0.0,0.0,0.0,0.0,False,,,,,,,,,,,,,,,
2022-01-25,11.350000381469728,11.350000381469728,11.350000381469728,11.350000381469728,0.0,0.0,0.0,0.0,False,,,,,,,,,,,,,,,
2022-01-26,11.350000381469728,11.350000381469728,11.350000381469728,11.350000381469728,0.0,0.0,0.0,0.0,False,,,,,,,,,,,,,,,
2022-01-27,11.350000381469728,11.350000381469728,11.350000381469728,11.350000381469728,0.0,0.0,0.0,0.0,False,,,,,,,,,,,,,,,
2022-01-28,11.350000381469728,11.350000381469728,11.350000381469728,11.350000381469728,0.0,0.0,0.0,0.0,False,,,,,,,,,,,,,,,
2022-01-31,11.350000381469728,11.350000381469728,11.350000381469728,11.350000381469728,0.0,0.0,0.0,0.0,False,,,,,,,,,,,,,,,
2022-02-01,11.350000381469728,11.350000381469728,11.350000381469728,11.350000381469728,0.0,0.0,0.0,0.0,False,,,,,,,,,,,,,,,
2022-02-02,11.350000381469728,11.350000381469728,11.350000381469728,11.350000381469728,0.0,0.0,0.0,0.0,False,,,,,,,,,,,,,,,
2022-02-03,11.350000381469728,11.350000381469728,11.350000381469728,11.350000381469728,0.0,0.0,0.0,0.0,False,,,,,,,,,,,,,,,
2022-02-04,11.350000381469728,11.350000381469728,11.350000381469728,11.350000381469728,0.0,0.0,0.0,0.0,False,,,,,,,,,,,,,,,
2022-02-07,11.350000381469728,11.350000381469728,11.350000381469728,11.350000381469728,0.0,0.0,0.0,0.0,False,,,,,,,,,,,,,,,
2022-02-08,11.350000381469728,11.350000381469728,11.350000381469728,11.350000381469728,0.0,0.0,0.0,0.0,False,,,,,,,,,,,,,,,
2022-02-09,11.350000381469728,10.93000030517578,10.93000030517578,11.350000381469728,363.0,0.0,0.0,0.0,False,,,,,,,,,,,,,,,
2022-02-10,11.350000381469728,11.350000381469728,11.350000381469728,11.350000381469728,0.0,0.0,0.0,0.0,False,,,,,,,,,,,,,,,
2022-02-11,11.350000381469728,11.350000381469728,11.350000381469728,11.350000381469728,0.0,0.0,0.0,0.0,False,,,,,,,,,,,,,,,
2022-02-14,11.350000381469728,11.350000381469728,11.350000381469728,11.350000381469728,0.0,0.0,0.0,0.0,False,,,,,,,,,,,,,,,
2022-02-15,11.350000381469728,11.350000381469728,11.350000381469728,11.350000381469728,0.0,0.0,0.0,0.0,False,,,,,,,,,,,,,,,
2022-02-16,11.350000381469728,11.350000381469728,11.350000381469728,11.350000381469728,0.0,0.0,0.0,0.0,False,,,,,,,,,,,,,,,
2022-02-17,11.350000381469728,11.350000381469728,11.350000381469728,11.350000381469728,0.0,0.0,0.0,0.0,False,,,,,,,,,,,,,,,
2022-02-18,11.350000381469728,11.350000381469728,11.350000381469728,11.350000381469728,0.0,0.0,0.0,0.0,False,,,,,,,,,,,,,,,
2022-02-22,11.350000381469728,11.350000381469728,11.350000381469728,11.350000381469728,0.0,0.0,0.0,0.0,False,,,,,,,,,,,,,,,
2022-02-23,,,,,,,,,,,,,,,,,,,,11.350000381469727,11.350000381469727,11.350000381469727,11.350000381469727,0.0
2022-02-24,,,,,,,,,,,,,,,,,,,,11.350000381469727,11.350000381469727,11.350000381469727,11.350000381469727,0.0
2022-02-25,,,,,,,,,,,,,,,,,,,,11.350000381469727,11.350000381469727,11.350000381469727,11.350000381469727,0.0
2022-02-28,,,,,,,,,,,,,,,,,,,,11.350000381469727,11.350000381469727,11.350000381469727,11.350000381469727,0.0
2022-03-01,,,,,,,,,,,,,,,,,,,,11.350000381469727,11.350000381469727,11.350000381469727,11.350000381469727,0.0
2022-03-02,,,,,,,,,,,,,,,,,,,,11.350000381469727,11.350000381469727,11.350000381469727,11.350000381469727,0.0
