Date,Open,High,Low,Close,Volume,Dividends,Stock Splits,Capital Gains,Repaired?,"('Close', 'CA')","('High', 'CA')","('Low', 'CA')","('Open', 'CA')","('Volume', 'CA')"
2023-12-15,23.962797164916992,23.962797164916992,23.962797164916992,23.962797164916992,100.0,0.0,0.0,0.0,False,,,,,
2023-12-18,23.977046018288945,23.977046018288945,23.962797164916992,23.962797164916992,1300.0,0.0,0.0,0.0,False,,,,,
2023-12-19,24.005550005691607,24.01504984701106,24.00079917907715,24.00079917907715,2500.0,0.0,0.0,0.0,False,,,,,
2023-12-20,24.04354009271699,24.07203960782528,24.04354009271699,24.057790756225582,1700.0,0.0,0.0,0.0,False,,,,,
2023-12-21,24.07203960782528,24.07203960782528,24.057790756225582,24.057790756225582,1300.0,0.0,0.0,0.0,False,,,,,
2023-12-22,24.0625486462849,24.0625486462849,24.04829978942871,24.04829978942871,900.0,0.0,0.0,0.0,False,,,,,
2023-12-26,24.06253976945585,24.07203960782528,24.057790756225582,24.057790756225582,1400.0,0.0,0.0,0.0,False,,,,,
2023-12-27,24.11004427564789,24.13854379917984,24.11004427564789,24.1337947845459,4800.0,0.0,0.0,0.0,False,,,,,
2023-12-28,24.09105110168457,24.09105110168457,24.09105110168457,24.09105110168457,300.0,0.0,0.0,0.0,False,,,,,
2023-12-29,24.124298095703125,24.124298095703125,24.124298095703125,24.124298095703125,200.0,0.0,0.0,0.0,False,,,,,
2024-01-02,24.100544557121538,24.100544557121538,24.081544876098636,24.081544876098636,100.0,0.0,0.0,0.0,False,,,,,
2024-01-03,24.09959814303266,24.138546953376284,24.09959814303266,24.124298095703125,900.0,0.0,0.0,0.0,False,,,,,
2024-01-04,24.08154640451484,24.09104624562923,24.07679557800293,24.07679557800293,300.0,0.0,0.0,0.0,False,,,,,
2024-01-05,24.04354294671874,24.07204246520996,24.04354294671874,24.07204246520996,500.0,0.0,0.0,0.0,False,,,,,
2024-01-08,24.14804364035715,24.14804364035715,24.1337947845459,24.1337947845459,200.0,0.0,0.0,0.0,False,,,,,
2024-01-09,24.14804068826077,24.14804068826077,24.11954116821289,24.11954116821289,200.0,0.0,0.0,0.0,False,,,,,
2024-01-10,24.11954947989405,24.12904932318369,24.10055160522461,24.10055160522461,6500.0,0.0,0.0,0.0,False,,,,,
2024-01-11,24.12904167175293,24.12904167175293,24.12904167175293,24.12904167175293,0.0,0.0,0.0,0.0,False,,,,,
2024-01-12,24.11954116821289,24.11954116821289,24.11954116821289,24.11954116821289,0.0,0.0,0.0,0.0,False,,,,,
2024-01-16,24.057790756225582,24.057790756225582,24.057790756225582,24.057790756225582,100.0,0.0,0.0,0.0,False,,,,,
2024-01-17,24.01504984701106,24.01504984701106,24.00079917907715,24.00079917907715,500200.0,0.0,0.0,0.0,False,,,,,
2024-01-18,23.977048508461237,23.986548348998863,23.9362008248678,23.94379997253418,1400.0,0.0,0.0,0.0,False,,,,,
2024-01-19,23.910552978515625,23.910552978515625,23.910552978515625,23.910552978515625,100.0,0.0,0.0,0.0,False,,,,,
2024-01-22,23.929548263549805,23.93334783692981,23.929548263549805,23.929548263549805,400.0,0.0,0.0,0.0,False,,,,,
2024-01-23,23.89155387878418,23.89155387878418,23.89155387878418,23.89155387878418,100.0,0.0,0.0,0.0,False,,,,,
2024-01-24,23.89155072749809,23.910550407755817,23.88205088736923,23.901050567626957,900.0,0.0,0.0,0.0,False,,,,,
2024-01-25,23.929554852945515,23.929554852945515,23.91530418395996,23.91530418395996,100.0,0.0,0.0,0.0,False,,,,,
2024-01-26,23.90580368041992,23.90580368041992,23.90580368041992,23.90580368041992,100.0,0.0,0.0,0.0,False,,,,,
2024-01-29,23.9865476053316,23.996047445574703,23.98274803161621,23.98274803161621,700.0,0.0,0.0,0.0,False,,,,,
2024-01-30,24.005549139736125,24.034046850757026,23.99604929875936,24.01504898071289,1200.0,0.0,0.0,0.0,False,,,,,
2024-01-31,24.15279197692871,24.15279197692871,24.15279197692871,24.15279197692871,0.0,0.0,0.0,0.0,False,,,,,
2024-02-01,24.2669734954834,24.2669734954834,24.2669734954834,24.2669734954834,100.0,0.04,0.0,0.0,False,,,,,
2024-02-02,24.09095001220703,24.09095001220703,24.09095001220703,24.09095001220703,100.0,0.0,0.0,0.0,False,,,,,
2024-02-05,23.98628616333008,23.98628616333008,23.98628616333008,23.98628616333008,100.0,0.0,0.0,0.0,False,,,,,
2024-02-06,24.033859252929688,24.033859252929688,24.033859252929688,24.033859252929688,0.0,0.0,0.0,0.0,False,,,,,
2024-02-07,24.02434539794922,24.02434539794922,24.02434539794922,24.02434539794922,100.0,0.0,0.0,0.0,False,,,,,
2024-02-08,24.02434539794922,24.02434539794922,24.02434539794922,24.02434539794922,0.0,0.0,0.0,0.0,False,,,,,
2024-02-09,24.019588470458984,24.019588470458984,24.019588470458984,24.019588470458984,100.0,0.0,0.0,0.0,False,,,,,
2024-02-12,24.071918487548828,24.071918487548828,24.071918487548828,24.071918487548828,100.0,0.0,0.0,0.0,False,,,,,
2024-02-13,23.976778995074604,23.976778995074604,23.94823455810547,23.94823455810547,3100.0,0.0,0.0,0.0,False,,,,,
2024-02-14,24.01482582092285,24.01482582092285,24.01482582092285,24.01482582092285,0.0,0.0,0.0,0.0,False,,,,,
2024-02-15,24.033859252929688,24.033859252929688,24.033859252929688,24.033859252929688,100.0,0.0,0.0,0.0,False,,,,,
2024-02-16,24.005311012803027,24.033855437162504,24.005311012803027,24.01482582092285,2200.0,0.0,0.0,0.0,False,,,,,
2024-02-20,24.052889825266263,24.052889825266263,24.04337501525879,24.04337501525879,100.0,0.0,0.0,0.0,False,,,,,
2024-02-21,24.04337501525879,24.04337501525879,24.04337501525879,24.04337501525879,100.0,0.0,0.0,0.0,False,,,,,
2024-02-22,24.033859252929688,24.033859252929688,24.033859252929688,24.033859252929688,100.0,0.0,0.0,0.0,False,,,,,
2024-02-23,24.071918487548828,24.071918487548828,24.071918487548828,24.071918487548828,100.0,0.0,0.0,0.0,False,,,,,
2024-02-26,24.09094810824129,24.10046291858752,24.071918487548828,24.071918487548828,400.0,0.0,0.0,0.0,False,,,,,
2024-02-27,24.03385977783417,24.03385977783417,24.019588470458984,24.019588470458984,200.0,0.0,0.0,0.0,False,,,,,
2024-02-28,24.052897347739236,24.10998441087344,24.052897347739236,24.081439971923828,1000.0,0.0,0.0,0.0,False,,,,,
2024-02-29,24.10998441087344,24.10998441087344,24.081439971923828,24.081439971923828,100.0,0.0,0.0,0.0,False,,,,,
2024-03-01,24.139613543028965,24.139613543028965,24.11100196838379,24.11100196838379,400.0,0.061,0.0,0.0,False,,,,,
2024-03-04,23.987008150529423,24.10622787475586,23.987008150529423,24.10622787475586,700.0,0.0,0.0,0.0,False,,,,,
2024-03-05,24.139611344425965,24.139611344425965,24.13007354736328,24.13007354736328,400.0,0.0,0.0,0.0,False,,,,,
2024-03-06,24.158692109478498,24.158692109478498,24.136754989624023,24.136754989624023,200.0,0.0,0.0,0.0,False,,,,,
2024-03-07,24.15868759155273,24.15868759155273,24.15868759155273,24.15868759155273,100.0,0.0,0.0,0.0,False,,,,,
2024-03-08,24.17776107788086,24.17776107788086,24.17776107788086,24.17776107788086,100.0,0.0,0.0,0.0,False,,,,,
2024-03-11,24.17776107788086,24.17776107788086,24.17776107788086,24.17776107788086,100.0,0.0,0.0,0.0,False,,,,,
2024-03-12,24.15868759155273,24.15868759155273,24.15868759155273,24.15868759155273,0.0,0.0,0.0,0.0,False,,,,,
2024-03-13,24.187301396719565,24.187301396719565,24.167272567749023,24.167272567749023,300.0,0.0,0.0,0.0,False,,,,,
2024-03-14,24.11100196838379,24.11100196838379,24.11100196838379,24.11100196838379,100.0,0.0,0.0,0.0,False,,,,,
2024-03-15,24.07284895735961,24.09955406188965,24.07284895735961,24.09955406188965,1000.0,0.0,0.0,0.0,False,,,,,
2024-03-18,24.12053891305905,24.12053891305905,24.101463317871094,24.101463317871094,200.0,0.0,0.0,0.0,False,,,,,
2024-03-19,24.139613543028965,24.139613543028965,24.11100196838379,24.11100196838379,300.0,0.0,0.0,0.0,False,,,,,
2024-03-20,24.11099940760085,25.53209840376241,24.082386016845703,24.082386016845703,6700.0,0.0,0.0,0.0,False,,,,,
2024-03-21,24.072847366333008,24.072847366333008,24.072847366333008,24.072847366333008,100.0,0.0,0.0,0.0,False,,,,,
2024-03-22,24.130074891504147,24.130074891504147,24.101463317871094,24.101463317871094,100.0,0.0,0.0,0.0,False,,,,,
2024-03-25,24.42574156856333,24.42574156856333,24.063312530517575,24.063312530517575,900.0,0.0,0.0,0.0,False,,,,,
2024-03-26,24.06331005749993,24.06331005749993,24.034698486328125,24.034698486328125,100.0,0.0,0.0,0.0,False,,,,,
2024-03-27,24.04423713684082,24.04423713684082,24.04423713684082,24.04423713684082,100.0,0.0,0.0,0.0,False,,,,,
2024-03-28,24.06235885620117,24.06235885620117,24.06235885620117,24.06235885620117,1400.0,0.0,0.0,0.0,False,,,,,
2024-04-01,23.97152328491211,23.97152328491211,23.97152328491211,23.97152328491211,0.0,0.064,0.0,0.0,False,,,,,
2024-04-02,23.904590606689453,23.904590606689453,23.904590606689453,23.904590606689453,100.0,0.0,0.0,0.0,False,,,,,
2024-04-03,23.82809066772461,23.82809066772461,23.82809066772461,23.82809066772461,100.0,0.0,0.0,0.0,False,,,,,
2024-04-04,23.895031600748425,23.952402114868164,23.895031600748425,23.952402114868164,100.0,0.0,0.0,0.0,False,,,,,
2024-04-05,23.804187774658203,23.804187774658203,23.804187774658203,23.804187774658203,1600.0,0.0,0.0,0.0,False,,,,,
2024-04-08,23.885467529296875,23.885467529296875,23.885467529296875,23.885467529296875,200.0,0.0,0.0,0.0,False,,,,,
2024-04-09,23.885466661734046,23.885466661734046,23.867300033569336,23.867300033569336,100.0,0.0,0.0,0.0,False,,,,,
2024-04-10,23.77072789185904,23.77072789185904,23.756383895874023,23.756383895874023,500.0,0.0,0.0,0.0,False,,,,,
2024-04-11,23.765941619873047,23.765941619873047,23.765941619873047,23.765941619873047,100.0,0.0,0.0,0.0,False,,,,,
2024-04-12,23.821401596069336,23.821401596069336,23.821401596069336,23.821401596069336,100.0,0.0,0.0,0.0,False,,,,,
2024-04-15,23.805147171020508,23.805147171020508,23.805147171020508,23.805147171020508,100.0,0.0,0.0,0.0,False,,,,,
2024-04-16,23.79940795898437,23.79940795898437,23.79940795898437,23.79940795898437,0.0,0.0,0.0,0.0,False,,,,,
2024-04-17,23.82331275939941,23.82331275939941,23.82331275939941,23.82331275939941,0.0,0.0,0.0,0.0,False,,,,,
2024-04-18,23.818532189007616,23.86634063720703,23.818532189007616,23.86634063720703,300.0,0.0,0.0,0.0,False,,,,,
2024-04-19,23.79940489260177,23.79940489260177,23.751596450805664,23.751596450805664,400.0,0.0,0.0,0.0,False,,,,,
2024-04-22,23.80897429234241,23.80897429234241,23.756383895874023,23.756383895874023,100.0,0.0,0.0,0.0,False,,,,,
2024-04-23,23.85295295715332,23.85295295715332,23.85295295715332,23.85295295715332,100.0,0.0,0.0,0.0,False,,,,,
2024-04-24,23.82809066772461,23.82809066772461,23.82809066772461,23.82809066772461,100.0,0.0,0.0,0.0,False,,,,,
2024-04-25,23.73247528076172,23.73247528076172,23.73247528076172,23.73247528076172,100.0,0.0,0.0,0.0,False,,,,,
2024-04-26,23.756383895874023,23.756383895874023,23.756383895874023,23.756383895874023,0.0,0.0,0.0,0.0,False,,,,,
2024-04-29,23.776460647583008,23.776460647583008,23.776460647583008,23.776460647583008,100.0,0.0,0.0,0.0,False,,,,,
2024-04-30,23.757333755493164,23.757333755493164,23.757333755493164,23.757333755493164,100.0,0.0,0.0,0.0,False,,,,,
2024-05-01,23.78705406188965,23.78705406188965,23.78705406188965,23.78705406188965,0.0,0.062,0.0,0.0,False,,,,,
2024-05-02,23.839775101668792,23.839775101668792,23.81580924987793,23.81580924987793,100.0,0.0,0.0,0.0,False,,,,,
2024-05-03,23.878114793158865,23.878114793158865,23.854150772094727,23.854150772094727,100.0,0.0,0.0,0.0,False,,,,,
2024-05-06,23.93562707474737,23.93562707474737,23.91166305541992,23.91166305541992,100.0,0.0,0.0,0.0,False,,,,,
2024-05-07,23.99314617730889,23.99314617730889,23.973974227905277,23.973974227905277,300.0,0.0,0.0,0.0,False,,,,,
2024-05-08,24.02190026936607,24.02190026936607,23.997936248779297,23.997936248779297,200.0,0.0,0.0,0.0,False,,,,,
2024-05-09,24.02190144364617,24.02190144364617,24.002731323242188,24.002731323242188,100.0,0.0,0.0,0.0,False,,,,,
2024-05-10,23.973974227905277,23.973974227905277,23.973974227905277,23.973974227905277,0.0,0.0,0.0,0.0,False,,,,,
2024-05-13,23.98834991455078,23.98834991455078,23.98834991455078,23.98834991455078,0.0,0.0,0.0,0.0,False,,,,,
2024-05-14,24.01232147216797,24.01232147216797,24.01232147216797,24.01232147216797,100.0,0.0,0.0,0.0,False,,,,,
2024-05-15,24.069826126098636,24.069826126098636,24.069826126098636,24.069826126098636,0.0,0.0,0.0,0.0,False,,,,,
2024-05-16,24.031486243268297,24.031486243268297,23.997936248779297,23.997936248779297,100.0,0.0,0.0,0.0,False,,,,,
2024-05-17,23.98356020260708,23.98356020260708,23.973974227905277,23.973974227905277,100.0,0.0,0.0,0.0,False,,,,,
2024-05-20,23.96438762763726,23.96438762763726,23.930837631225582,23.930837631225582,2200.0,0.0,0.0,0.0,False,,,,,
2024-05-21,23.902080535888672,23.902080535888672,23.902080535888672,23.902080535888672,100.0,0.0,0.0,0.0,False,,,,,
2024-05-22,23.83497810363769,23.83497810363769,23.83497810363769,23.83497810363769,200.0,0.0,0.0,0.0,False,,,,,
2024-05-23,23.767881393432617,23.767881393432617,23.767881393432617,23.767881393432617,0.0,0.0,0.0,0.0,False,,,,,
2024-05-24,23.76308822631836,23.76308822631836,23.76308822631836,23.76308822631836,100.0,0.0,0.0,0.0,False,,,,,
2024-05-28,23.820605449551238,23.820605449551238,23.719955444335938,23.719955444335938,700.0,0.0,0.0,0.0,False,,,,,
2024-05-29,23.66723251342773,23.66723251342773,23.66723251342773,23.66723251342773,0.0,0.0,0.0,0.0,False,,,,,
2024-05-30,23.695982069306343,23.695982069306343,23.67201805114746,23.67201805114746,100.0,0.0,0.0,0.0,False,,,,,
2024-05-31,23.724744785704434,23.724744785704434,23.687360763549805,23.687360763549805,100.0,0.0,0.0,0.0,False,,,,,
2024-06-03,23.970895364442185,23.970895364442185,23.778666123922186,23.80269432067871,2300.0,0.066,0.0,0.0,False,,,,,
2024-06-04,23.845948372984477,23.845948372984477,23.82672691345215,23.82672691345215,100.0,0.0,0.0,0.0,False,,,,,
2024-06-05,23.89400313498464,23.903614779972035,23.889196395874023,23.889196395874023,1200.0,0.0,0.0,0.0,False,,,,,
2024-06-06,23.980507633673376,23.980507633673376,23.966089248657227,23.966089248657227,100.0,0.0,0.0,0.0,False,,,,,
2024-06-07,23.913225173950195,23.913225173950195,23.913225173950195,23.913225173950195,100.0,0.0,0.0,0.0,False,,,,,
2024-06-10,23.89400863647461,23.89400863647461,23.89400863647461,23.89400863647461,100.0,0.0,0.0,0.0,False,,,,,
2024-06-11,23.961286544799805,23.961286544799805,23.961286544799805,23.961286544799805,0.0,0.0,0.0,0.0,False,,,,,
2024-06-12,24.00934219360352,24.00934219360352,24.00934219360352,24.00934219360352,100.0,0.0,0.0,0.0,False,,,,,
2024-06-13,24.110260009765625,24.110260009765625,24.110260009765625,24.110260009765625,0.0,0.0,0.0,0.0,False,,,,,
2024-06-14,24.12948226928711,24.12948226928711,24.12948226928711,24.12948226928711,100.0,0.0,0.0,0.0,False,,,,,
2024-06-17,24.081430435180664,24.081430435180664,24.081430435180664,24.081430435180664,100.0,0.0,0.0,0.0,False,,,,,
2024-06-18,24.14390182495117,24.14390182495117,24.14390182495117,24.14390182495117,0.0,0.0,0.0,0.0,False,,,,,
2024-06-20,24.076622009277344,24.076622009277344,24.076622009277344,24.076622009277344,100.0,0.0,0.0,0.0,False,,,,,
2024-06-21,24.110260009765625,24.110260009765625,24.110260009765625,24.110260009765625,0.0,0.0,0.0,0.0,False,,,,,
2024-06-24,24.12468147277832,24.12468147277832,24.12468147277832,24.12468147277832,100.0,0.0,0.0,0.0,False,,,,,
2024-06-25,24.103534194553504,24.12083625793457,24.08623396440653,24.12083625793457,2100.0,0.0,0.0,0.0,False,,,,,
2024-06-26,24.06220245361328,24.06220245361328,24.06220245361328,24.06220245361328,0.0,0.0,0.0,0.0,False,,,,,
2024-06-27,24.076622009277344,24.076622009277344,24.076622009277344,24.076622009277344,0.0,0.0,0.0,0.0,False,,,,,
2024-06-28,24.0362548828125,24.0362548828125,24.0362548828125,24.0362548828125,100.0,0.0,0.0,0.0,False,,,,,
2024-07-01,23.97844123840332,23.97844123840332,23.97844123840332,23.97844123840332,100.0,0.063,0.0,0.0,False,,,,,
2024-07-02,24.002527242213983,24.012163162231445,24.002527242213983,24.012163162231445,200.0,0.0,0.0,0.0,False,,,,,
2024-07-03,24.021800198553333,24.066123962402344,24.021800198553333,24.066123962402344,100.0,0.0,0.0,0.0,False,,,,,
2024-07-05,24.14224624633789,24.14224624633789,24.14224624633789,24.14224624633789,100.0,0.0,0.0,0.0,False,,,,,
2024-07-08,24.14224624633789,24.14224624633789,24.14224624633789,24.14224624633789,100.0,0.0,0.0,0.0,False,,,,,
2024-07-09,24.156699207983337,24.156699207983337,24.14224624633789,24.14224624633789,2000.0,0.0,0.0,0.0,False,,,,,
2024-07-10,24.10852427944822,24.175973892211918,24.10852427944822,24.175973892211918,200.0,0.0,0.0,0.0,False,,,,,
2024-07-11,24.262695340429577,24.262695340429577,24.14706612011073,24.156702041625977,1000.0,0.0,0.0,0.0,False,,,,,
2024-07-12,24.26269342926864,24.26269342926864,24.166336059570312,24.166336059570312,300.0,0.0,0.0,0.0,False,,,,,
2024-07-15,24.156702041625977,24.156702041625977,24.156702041625977,24.156702041625977,100.0,0.0,0.0,0.0,False,,,,,
2024-07-16,24.233787536621094,24.272331222619638,24.233787536621094,24.233787536621094,3200.0,0.0,0.0,0.0,False,,,,,
2024-07-17,24.233787536621094,24.233787536621094,24.233787536621094,24.233787536621094,0.0,0.0,0.0,0.0,False,,,,,
2024-07-18,24.21451187133789,24.21451187133789,24.21451187133789,24.21451187133789,100.0,0.0,0.0,0.0,False,,,,,
2024-07-19,24.156702041625977,24.156702041625977,24.156702041625977,24.156702041625977,100.0,0.0,0.0,0.0,False,,,,,
2024-07-22,24.224151611328125,24.224151611328125,24.224151611328125,24.224151611328125,100.0,0.0,0.0,0.0,False,,,,,
2024-07-23,24.19042587280273,24.19042587280273,24.19042587280273,24.19042587280273,100.0,0.0,0.0,0.0,False,,,,,
2024-07-24,24.18560980617172,24.18560980617172,24.156702041625977,24.156702041625977,300.0,0.0,0.0,0.0,False,,,,,
2024-07-25,24.204879760742188,24.204879760742188,24.204879760742188,24.204879760742188,100.0,0.0,0.0,0.0,False,,,,,
2024-07-26,24.233787536621094,24.233787536621094,24.233787536621094,24.233787536621094,0.0,0.0,0.0,0.0,False,,,,,
2024-07-29,24.21451187133789,24.21451187133789,24.21451187133789,24.21451187133789,100.0,0.0,0.0,0.0,False,,,,,
2024-07-30,24.21451187133789,24.21451187133789,24.21451187133789,24.21451187133789,0.0,0.0,0.0,0.0,False,,,,,
2024-07-31,24.2530574798584,24.2530574798584,24.2530574798584,24.2530574798584,100.0,0.0,0.0,0.0,False,,,,,
2024-08-01,24.315847396850582,24.315847396850582,24.315847396850582,24.315847396850582,100.0,0.064,0.0,0.0,False,,,,,
2024-08-02,24.49842834472656,24.49842834472656,24.49842834472656,24.49842834472656,100.0,0.0,0.0,0.0,False,,,,,
2024-08-05,24.488767860310308,24.49842834472656,23.98643372595905,24.49842834472656,8600.0,0.0,0.0,0.0,False,,,,,
2024-08-06,24.479110161899484,24.479110161899484,24.45495986938477,24.45495986938477,200.0,0.0,0.0,0.0,False,,,,,
2024-08-07,24.406658172607425,24.406658172607425,24.406658172607425,24.406658172607425,100.0,0.0,0.0,0.0,False,,,,,
2024-08-08,24.310056686401367,24.310056686401367,24.310056686401367,24.310056686401367,100.0,0.0,0.0,0.0,False,,,,,
2024-08-09,24.266582489013672,24.266582489013672,24.266582489013672,24.266582489013672,100.0,0.0,0.0,0.0,False,,,,,
2024-08-12,24.278172228925573,24.278172228925573,24.2762393951416,24.2762393951416,200.0,0.0,0.0,0.0,False,,,,,
2024-08-13,24.35352325439453,24.35352325439453,24.35352325439453,24.35352325439453,100.0,0.0,0.0,0.0,False,,,,,
2024-08-14,24.37284278869629,24.37284278869629,24.37284278869629,24.37284278869629,100.0,0.0,0.0,0.0,False,,,,,
2024-08-15,24.295562744140625,24.295562744140625,24.295562744140625,24.295562744140625,100.0,0.0,0.0,0.0,False,,,,,
2024-08-16,24.310056686401367,24.310056686401367,24.310056686401367,24.310056686401367,0.0,0.0,0.0,0.0,False,,,,,
2024-08-19,24.319713592529297,24.319713592529297,24.319713592529297,24.319713592529297,100.0,0.0,0.0,0.0,False,,,,,
2024-08-20,24.35352325439453,24.35352325439453,24.35352325439453,24.35352325439453,100.0,0.0,0.0,0.0,False,,,,,
2024-08-21,24.36318373894302,24.36318373894302,24.35352325439453,24.35352325439453,100.0,0.0,0.0,0.0,False,,,,,
2024-08-22,24.334205627441406,24.334205627441406,24.334205627441406,24.334205627441406,0.0,0.0,0.0,0.0,False,,,,,
2024-08-23,24.38733673095703,24.38733673095703,24.38733673095703,24.38733673095703,100.0,0.0,0.0,0.0,False,,,,,
2024-08-26,24.37284278869629,24.37284278869629,24.37284278869629,24.37284278869629,100.0,0.0,0.0,0.0,False,,,,,
2024-08-27,24.363183889511024,24.363183889511024,24.358354568481445,24.358354568481445,100.0,0.0,0.0,0.0,False,,,,,
2024-08-28,24.348691940307617,24.348691940307617,24.348691940307617,24.348691940307617,100.0,0.0,0.0,0.0,False,,,,,
2024-08-29,24.32937240600586,24.32937240600586,24.32937240600586,24.32937240600586,100.0,0.0,0.0,0.0,False,,,,,
2024-08-30,24.36318588256836,24.36318588256836,24.36318588256836,24.36318588256836,100.0,0.0,0.0,0.0,False,,,,,
2024-09-03,24.405797958374023,24.405797958374023,24.405797958374023,24.405797958374023,0.0,0.064,0.0,0.0,False,,,,,
2024-09-04,24.454225540161133,24.454225540161133,24.454225540161133,24.454225540161133,100.0,0.0,0.0,0.0,False,,,,,
2024-09-05,24.45906639099121,24.45906639099121,24.45906639099121,24.45906639099121,100.0,0.0,0.0,0.0,False,,,,,
2024-09-06,24.499744415283203,24.499744415283203,24.499744415283203,24.499744415283203,100.0,0.0,0.0,0.0,False,,,,,
2024-09-09,24.50361442565918,24.50361442565918,24.50361442565918,24.50361442565918,100.0,0.0,0.0,0.0,False,,,,,
2024-09-10,24.5123291015625,24.5123291015625,24.5123291015625,24.5123291015625,100.0,0.0,0.0,0.0,False,,,,,
2024-09-11,24.54138565063477,24.54138565063477,24.54138565063477,24.54138565063477,100.0,0.0,0.0,0.0,False,,,,,
2024-09-12,24.53654289245605,24.53654289245605,24.53654289245605,24.53654289245605,100.0,0.0,0.0,0.0,False,,,,,
2024-09-13,24.54235596349484,24.565599745180577,24.54235596349484,24.55107307434082,300.0,0.0,0.0,0.0,False,,,,,
2024-09-16,24.609179237681467,24.609179237681467,24.54138565063477,24.54138565063477,300.0,0.0,0.0,0.0,False,,,,,
2024-09-17,24.5559139251709,24.5559139251709,24.5559139251709,24.5559139251709,100.0,0.0,0.0,0.0,False,,,,,
2024-09-18,24.54138565063477,24.54138565063477,24.54138565063477,24.54138565063477,100.0,0.0,0.0,0.0,False,,,,,
2024-09-19,24.52298187971926,24.589807510375977,24.52298187971926,24.589807510375977,100.0,0.0,0.0,0.0,False,,,,,
2024-09-20,24.55107307434082,24.55107307434082,24.55107307434082,24.55107307434082,100.0,0.0,0.0,0.0,False,,,,,
2024-09-23,24.58012580871582,24.58012580871582,24.58012580871582,24.58012580871582,0.0,0.0,0.0,0.0,False,,,,,
2024-09-24,24.551069111976428,24.589807510375977,24.551069111976428,24.589807510375977,800.0,0.0,0.0,0.0,False,,,,,
2024-09-25,24.55107307434082,24.55107307434082,24.55107307434082,24.55107307434082,100.0,0.0,0.0,0.0,False,,,,,
2024-09-26,24.570444107055664,24.570444107055664,24.570444107055664,24.570444107055664,0.0,0.0,0.0,0.0,False,,,,,
2024-09-27,24.609180450439453,24.609180450439453,24.609180450439453,24.609180450439453,0.0,0.0,0.0,0.0,False,,,,,
2024-09-30,24.604337692260746,24.604337692260746,24.604337692260746,24.604337692260746,100.0,0.0,0.0,0.0,False,,,,,
2024-10-01,24.698511123657227,24.698511123657227,24.698511123657227,24.698511123657227,100.0,0.062,0.0,0.0,False,,,,,
2024-10-02,24.654821395874023,24.654821395874023,24.654821395874023,24.654821395874023,100.0,0.0,0.0,0.0,False,,,,,
2024-10-03,24.679094314575195,24.679094314575195,24.679094314575195,24.679094314575195,100.0,0.0,0.0,0.0,False,,,,,
2024-10-04,24.63055419921875,24.63055419921875,24.63055419921875,24.63055419921875,100.0,0.0,0.0,0.0,False,,,,,
2024-10-07,24.53832054138184,24.53832054138184,24.53832054138184,24.53832054138184,100.0,0.0,0.0,0.0,False,,,,,
2024-10-08,24.57229804992676,24.57229804992676,24.57229804992676,24.57229804992676,100.0,0.0,0.0,0.0,False,,,,,
2024-10-09,24.426671981811523,24.426671981811523,24.426671981811523,24.426671981811523,100.0,0.0,0.0,0.0,False,,,,,
2024-10-10,24.42667017030581,24.47521209716797,24.42667017030581,24.47521209716797,2400.0,0.0,0.0,0.0,False,,,,,
2024-10-11,24.514046671616025,24.572297353136165,24.436378479003903,24.436378479003903,2100.0,0.0,0.0,0.0,False,,,,,
2024-10-14,24.49462916052405,24.49462916052405,24.436378479003903,24.436378479003903,7000.0,0.0,0.0,0.0,False,,,,,
2024-10-15,24.48977470397949,24.48977470397949,24.48977470397949,24.48977470397949,100.0,0.0,0.0,0.0,False,,,,,
2024-10-16,24.548996504015616,24.562588391314694,24.51889991760254,24.51889991760254,400.0,0.0,0.0,0.0,False,,,,,
2024-10-17,24.54317353878877,24.7082186835974,24.49462975987104,24.52375602722168,18900.0,0.0,0.0,0.0,False,,,,,
2024-10-18,24.55288314819336,24.55288314819336,24.55288314819336,24.55288314819336,100.0,0.0,0.0,0.0,False,,,,,
2024-10-21,24.54802929807791,24.58200902063617,24.50434081882357,24.53832054138184,8500.0,0.0,0.0,0.0,False,,,,,
2024-10-22,24.46550700758594,24.46550700758594,24.426671981811523,24.426671981811523,300.0,0.0,0.0,0.0,False,,,,,
2024-10-23,24.349002946293176,24.358711702403543,24.24220848083496,24.24220848083496,400.0,0.0,0.0,0.0,False,,,,,
2024-10-24,24.19366455078125,24.19366455078125,24.18395579547397,24.19366455078125,300.0,0.0,0.0,0.0,False,,,,,
2024-10-25,24.30531311035156,24.30531311035156,24.30531311035156,24.30531311035156,100.0,0.0,0.0,0.0,False,,,,,
2024-10-28,24.33929252624512,24.33929252624512,24.33929252624512,24.33929252624512,0.0,0.0,0.0,0.0,False,,,,,
2024-10-29,24.315017700195312,24.315017700195312,24.315017700195312,24.315017700195312,100.0,0.0,0.0,0.0,False,,,,,
2024-10-30,24.591714612590504,24.591714612590504,24.33929252624512,24.33929252624512,18600.0,0.0,0.0,0.0,False,,,,,
2024-10-31,24.32181930541992,24.32181930541992,24.32181930541992,24.32181930541992,100.0,0.0,0.0,0.0,False,,,,,
2024-11-01,24.299434661865234,24.299434661865234,24.299434661865234,24.299434661865234,100.0,0.064,0.0,0.0,False,,,,,
2024-11-04,24.401634216308597,24.401634216308597,24.401634216308597,24.401634216308597,100.0,0.0,0.0,0.0,False,,,,,
2024-11-05,24.41818046569824,24.41818046569824,24.41818046569824,24.41818046569824,0.0,0.0,0.0,0.0,False,,,,,
2024-11-06,24.66443420352244,24.66443420352244,24.192363739013672,24.192363739013672,4500.0,0.0,0.0,0.0,False,,,,,
2024-11-07,24.245899200439453,24.245899200439453,24.245899200439453,24.245899200439453,100.0,0.0,0.0,0.0,False,,,,,
2024-11-08,24.421102309770596,24.421102309770596,24.38216781616211,24.38216781616211,300.0,0.0,0.0,0.0,False,,,,,
2024-11-11,24.382168029854,24.469768784742,24.382168029854,24.42110252380371,1400.0,0.0,0.0,0.0,False,,,,,
2024-11-12,24.352968215942383,24.352968215942383,24.352968215942383,24.352968215942383,100.0,0.0,0.0,0.0,False,,,,,
2024-11-13,24.42110252380371,24.42110252380371,24.42110252380371,24.42110252380371,100.0,0.0,0.0,0.0,False,,,,,
2024-11-14,24.425968170166016,24.425968170166016,24.425968170166016,24.425968170166016,0.0,0.0,0.0,0.0,False,,,,,
2024-11-15,24.4454345703125,24.4454345703125,24.4454345703125,24.4454345703125,0.0,0.0,0.0,0.0,False,,,,,
2024-11-18,24.50870217041096,24.50870217041096,24.463928989592507,24.489234924316406,2900.0,0.0,0.0,0.0,False,,,,,
2024-11-19,24.5768363151903,24.5768363151903,24.51843643188477,24.51843643188477,3400.0,0.0,0.0,0.0,False,,,,,
2024-11-20,24.508703231811523,24.508703231811523,24.508703231811523,24.508703231811523,0.0,0.0,0.0,0.0,False,,,,,
2024-11-21,24.59630356179175,24.59630356179175,24.51843643188477,24.51843643188477,600.0,0.0,0.0,0.0,False,,,,,
2024-11-22,24.567100947438664,24.567100947438664,24.5573673248291,24.5573673248291,1300.0,0.0,0.0,0.0,False,,,,,
2024-11-25,24.615767942173136,24.6936350630134,24.60797993054009,24.669300079345703,1900.0,0.0,0.0,0.0,False,,,,,
2024-11-26,24.67417062383196,24.683904247105914,24.649837493896484,24.649837493896484,3300.0,0.0,0.0,0.0,False,,,,,
2024-11-27,24.82017091932915,24.82017091932915,24.74230379070493,24.743276596069336,7000.0,0.0,0.0,0.0,False,,,,,
2024-11-29,24.771503428785167,24.839636930882232,24.771503428785167,24.815303802490234,800.0,0.0,0.0,0.0,False,,,,,
2024-12-02,25.945220852045708,25.945220852045708,24.813349770558805,24.852378845214844,9600.0,0.063,0.0,0.0,False,,,,,
2024-12-03,24.823108673095703,24.823108673095703,24.823108673095703,24.823108673095703,100.0,0.0,0.0,0.0,False,,,,,
2024-12-04,24.969469791377865,24.969469791377865,24.842621111276472,24.852378845214844,4900.0,0.0,0.0,0.0,False,,,,,
2024-12-05,24.871895159888453,24.89141062842963,24.847501754760746,24.847501754760746,500.0,0.0,0.0,0.0,False,,,,,
2024-12-06,24.84848022460937,24.84848022460937,24.84848022460937,24.84848022460937,100.0,0.0,0.0,0.0,False,,,,,
2024-12-09,24.871898651123047,24.871898651123047,24.871898651123047,24.871898651123047,100.0,0.0,0.0,0.0,False,,,,,
2024-12-10,24.86116313789638,24.86116313789638,24.774320602416992,24.774320602416992,4100.0,0.0,0.0,0.0,False,,,,,
2024-12-11,24.784080505371094,24.784080505371094,24.784080505371094,24.784080505371094,100.0,0.0,0.0,0.0,False,,,,,
2024-12-12,24.6865038891429,24.6962616241875,24.666990280151367,24.666990280151367,4800.0,0.0,0.0,0.0,False,,,,,
2024-12-13,24.65723406582145,24.65723406582145,24.579174041748047,24.579174041748047,1600.0,0.0,0.0,0.0,False,,,,,
2024-12-16,24.59088056034482,24.637716943870515,24.58697783856729,24.588930130004883,7900.0,0.0,0.0,0.0,False,,,,,
2024-12-17,24.627959208877854,24.627959208877854,24.53136079631656,24.588930130004883,21700.0,0.0,0.0,0.0,False,,,,,
2024-12-18,24.57917015015443,24.57917015015443,24.46695899963379,24.46695899963379,2200.0,0.0,0.0,0.0,False,,,,,
2024-12-19,24.384022544290097,24.384022544290097,24.26693344116211,24.26693344116211,6700.0,0.0,0.0,0.0,False,,,,,
2024-12-20,24.403538878142403,24.42305434971976,24.374265670776367,24.374265670776367,600.0,0.0,0.0,0.0,False,,,,,
2024-12-23,24.602369959918644,24.602369959918644,24.39678001403809,24.39678001403809,2600.0,0.083,0.0,0.0,False,,,,,
2024-12-24,24.52405030124984,24.52405030124984,24.40657086287587,24.43593978881836,5000.0,0.0,0.0,0.0,False,,,,,
2024-12-26,24.4555202595545,24.46531052394608,24.43104553222656,24.43104553222656,4500.0,0.0,0.0,0.0,False,,,,,
2024-12-27,24.406569750056647,24.494680258470723,24.36251449584961,24.36251449584961,44800.0,0.0,0.0,0.0,False,,,,,
2024-12-30,24.44573449048896,24.905867664996872,24.44573449048896,24.476083755493164,200.0,0.0,0.0,0.0,False,,,,,
2024-12-31,24.524051083085222,24.524051083085222,24.455521097298647,24.48489189147949,2800.0,0.0,0.0,0.0,False,,,,,
2025-01-02,24.59258367692303,24.59258367692303,24.533842086791992,24.533842086791992,7000.0,0.0,0.0,0.0,False,,,,,
2025-01-03,24.55733819366252,24.55733819366252,24.52405166625977,24.52405166625977,17600.0,0.0,0.0,0.0,False,,,,,
2025-01-06,24.52405016935957,25.307254512615987,24.52405016935957,24.548526763916016,11400.0,0.0,0.0,0.0,False,,,,,
2025-01-07,24.56321245435053,24.582792984053427,24.475101937989603,24.504472732543945,15200.0,0.0,0.0,0.0,False,,,,,
2025-01-08,24.553421094494336,24.553421094494336,24.39678059846104,24.43593978881836,46900.0,0.0,0.0,0.0,False,,,,,
2025-01-10,24.298880948154256,24.298880948154256,24.259721755981445,24.259721755981445,600.0,0.0,0.0,0.0,False,,,,,
2025-01-13,24.181400299072266,24.181400299072266,24.181400299072266,24.181400299072266,100.0,0.0,0.0,0.0,False,,,,,
2025-01-14,24.093292236328125,24.093292236328125,24.093292236328125,24.093292236328125,100.0,0.0,0.0,0.0,False,,,,,
2025-01-15,24.191189280001417,24.22056007385254,24.191189280001417,24.22056007385254,100.0,0.0,0.0,0.0,False,,,,,
2025-01-16,24.24993028243555,24.24993028243555,24.181400299072266,24.181400299072266,200.0,0.0,0.0,0.0,False,,,,,
2025-01-17,24.28909286279312,24.28909286279312,24.2793025970459,24.2793025970459,700.0,0.0,0.0,0.0,False,,,,,
2025-01-21,24.35761996741256,24.35761996741256,24.338041305541992,24.338041305541992,500.0,0.0,0.0,0.0,False,,,,,
2025-01-22,24.35761996741256,24.35761996741256,24.338041305541992,24.338041305541992,300.0,0.0,0.0,0.0,False,,,,,
2025-01-23,24.281259800496336,24.29888153076172,24.27930100055479,24.29888153076172,200.0,0.0,0.0,0.0,False,,,,,
2025-01-24,24.29888312854035,24.30867339428757,24.24993366710648,24.2793025970459,1200.0,0.0,0.0,0.0,False,,,,,
2025-01-27,24.38698959350586,24.38698959350586,24.38698959350586,24.38698959350586,0.0,0.0,0.0,0.0,False,,,,,
2025-01-28,24.38209724426269,24.38209724426269,24.38209724426269,24.38209724426269,100.0,0.0,0.0,0.0,False,,,,,
2025-01-29,24.3967798576234,24.3967798576234,24.347830404337653,24.38698959350586,1400.0,0.0,0.0,0.0,False,,,,,
2025-01-30,24.36741065979004,24.36741065979004,24.36741065979004,24.36741065979004,100.0,0.0,0.0,0.0,False,,,,,
2025-01-31,24.377201127479392,24.379159927368164,24.377201127479392,24.379159927368164,200.0,0.0,0.0,0.0,False,,,,,
2025-02-03,24.430198945015174,24.430198945015174,24.42038345336914,24.42038345336914,500.0,0.064,0.0,0.0,False,,,,,
2025-02-04,24.454736709594727,24.454736709594727,24.454736709594727,24.454736709594727,100.0,0.0,0.0,0.0,False,,,,,
2025-02-05,24.498903859608443,24.50871935059148,24.45964376778979,24.47927474975586,5000.0,0.0,0.0,0.0,False,,,,,
2025-02-06,24.547981537214657,24.547981537214657,24.48909046289569,24.538166046142575,1900.0,0.0,0.0,0.0,False,,,,,
2025-02-07,24.56761307047499,24.56761307047499,24.459644538373627,24.518535614013672,14100.0,0.0,0.0,0.0,False,,,,,
2025-02-10,24.474367141723636,24.474367141723636,24.474367141723636,24.474367141723636,200.0,0.0,0.0,0.0,False,,,,,
2025-02-11,24.44001579284668,24.44001579284668,24.44001579284668,24.44001579284668,100.0,0.0,0.0,0.0,False,,,,,
2025-02-12,24.528352916086742,24.528352916086742,24.32223320007324,24.32223320007324,2800.0,0.0,0.0,0.0,False,,,,,
2025-02-13,24.39093887902911,24.40075437068661,24.386030197143555,24.386030197143555,13200.0,0.0,0.0,0.0,False,,,,,
2025-02-14,24.44001579284668,24.479277761609485,24.410571188388285,24.44001579284668,4600.0,0.0,0.0,0.0,False,,,,,
2025-02-18,24.44001443666121,24.44001443666121,24.41547664360293,24.42038345336914,4700.0,0.0,0.0,0.0,False,,,,,
2025-02-19,24.425292692944303,24.435108184814453,24.425292692944303,24.435108184814453,6600.0,0.0,0.0,0.0,False,,,,,
2025-02-20,24.459646224975582,24.459646224975582,24.459646224975582,24.459646224975582,100.0,0.0,0.0,0.0,False,,,,,
2025-02-21,24.51166534423828,24.51166534423828,24.51166534423828,24.51166534423828,100.0,0.0,0.0,0.0,False,,,,,
2025-02-24,24.449828498607385,24.547981537214657,24.449828498607385,24.538166046142575,5000.0,0.0,0.0,0.0,False,,,,,
2025-02-25,24.62650625328457,24.646137237548828,24.62650625328457,24.646137237548828,5100.0,0.0,0.0,0.0,False,,,,,
2025-02-26,24.655952729680955,24.655952729680955,24.646137237548828,24.646137237548828,300.0,0.0,0.0,0.0,False,,,,,
2025-02-27,24.6461341355397,24.6461341355397,24.606872171952777,24.61374282836914,1100.0,0.0,0.0,0.0,False,,,,,
2025-02-28,24.714840209940505,24.714840209940505,24.70502471923828,24.70502471923828,400.0,0.0,0.0,0.0,False,,,,,
2025-03-03,24.64500999450684,24.64500999450684,24.64500999450684,24.64500999450684,100.0,0.059,0.0,0.0,False,,,,,
2025-03-04,24.56630534724089,24.583030700683597,24.56630534724089,24.583030700683597,1300.0,0.0,0.0,0.0,False,,,,,
2025-03-05,24.60565802623736,24.60565802623736,24.5958194732666,24.5958194732666,1700.0,0.0,0.0,0.0,False,,,,,
2025-03-06,24.507274627685547,24.507274627685547,24.507274627685547,24.507274627685547,100.0,0.0,0.0,0.0,False,,,,,
2025-03-07,24.46693992614746,24.46693992614746,24.46693992614746,24.46693992614746,100.0,0.0,0.0,0.0,False,,,,,
2025-03-10,24.507274627685547,24.507274627685547,24.507274627685547,24.507274627685547,900.0,0.0,0.0,0.0,False,,,,,
2025-03-11,24.546633112061187,24.546633112061187,24.49744033813477,24.49744033813477,400.0,0.0,0.0,0.0,False,,,,,
2025-03-12,24.40889358520508,24.40889358520508,24.40889358520508,24.40889358520508,100.0,0.0,0.0,0.0,False,,,,,
2025-03-13,24.310508728027344,24.310508728027344,24.310508728027344,24.310508728027344,100.0,0.0,0.0,0.0,False,,,,,
2025-03-14,24.31050693335228,24.34986114501953,24.31050693335228,24.34986114501953,3300.0,0.0,0.0,0.0,False,,,,,
2025-03-17,24.379378899185337,24.379378899185337,24.30067234559808,24.325267791748047,4900.0,0.0,0.0,0.0,False,,,,,
2025-03-18,24.38921535668678,24.38921535668678,24.34986114501953,24.34986114501953,7900.0,0.0,0.0,0.0,False,,,,,
2025-03-19,24.295750042233102,24.35576465207204,24.295750042233102,24.34986114501953,4400.0,0.0,0.0,0.0,False,,,,,
2025-03-20,24.418731689453125,24.418731689453125,24.418731689453125,24.418731689453125,100.0,0.0,0.0,0.0,False,,,,,
2025-03-21,24.46792344837442,24.46792344837442,24.3990535736084,24.3990535736084,4100.0,0.0,0.0,0.0,False,,,,,
2025-03-24,24.31050954986228,24.369540873716627,24.31050954986228,24.33412170410156,700.0,0.0,0.0,0.0,False,,,,,
2025-03-25,24.320348739624023,24.320348739624023,24.320348739624023,24.320348739624023,100.0,0.0,0.0,0.0,False,,,,,
2025-03-26,24.261317006161946,24.261317006161946,24.16293334960937,24.16293334960937,100.0,0.0,0.0,0.0,False,,,,,
2025-03-27,24.133420944213867,24.133420944213867,24.12358239034561,24.133420944213867,1900.0,0.0,0.0,0.0,False,,,,,
2025-03-28,24.221964219475936,24.231800896087503,24.172771453857425,24.172771453857425,4700.0,0.0,0.0,0.0,False,,,,,
2025-03-31,24.241638745172622,24.271154403686523,24.240655452842454,24.271154403686523,3300.0,0.0,0.0,0.0,False,,,,,
2025-04-01,24.32738577874004,24.396441317706785,24.32738577874004,24.347116470336918,600.0,0.067,0.0,0.0,False,,,,,
2025-04-02,24.376711981441137,24.376711981441137,24.28792762756348,24.28792762756348,200.0,0.0,0.0,0.0,False,,,,,
2025-04-03,24.376710891723636,24.376710891723636,24.376710891723636,24.376710891723636,100.0,0.0,0.0,0.0,False,,,,,
2025-04-04,24.574014897682293,24.574014897682293,24.46549797058105,24.46549797058105,2200.0,0.0,0.0,0.0,False,,,,,
2025-04-07,24.35698369835057,24.40630854953208,24.13994983725804,24.209007263183597,4800.0,0.0,0.0,0.0,False,,,,,
2025-04-08,23.83413284183945,23.83413284183945,23.66642570495605,23.66642570495605,200.0,0.0,0.0,0.0,False,,,,,
2025-04-09,23.25208758596229,23.705884085323596,23.222493430140727,23.617097854614254,3600.0,0.0,0.0,0.0,False,,,,,
2025-04-10,23.863726989811678,23.863726989811678,23.80453491210937,23.80453491210937,700.0,0.0,0.0,0.0,False,,,,,
2025-04-11,23.567773818969727,23.567773818969727,23.567773818969727,23.567773818969727,100.0,0.0,0.0,0.0,False,,,,,
2025-04-14,23.84399443282339,23.87359046936035,23.84399443282339,23.87359046936035,100.0,0.0,0.0,0.0,False,,,,,
2025-04-15,23.8686580657959,23.8686580657959,23.8686580657959,23.8686580657959,100.0,0.0,0.0,0.0,False,,,,,
2025-04-16,23.90318489074707,23.90318489074707,23.90318489074707,23.90318489074707,100.0,0.0,0.0,0.0,False,,,,,
2025-04-17,23.92291831970215,23.92291831970215,23.92291831970215,23.92291831970215,100.0,0.0,0.0,0.0,False,,,,,
2025-04-21,23.922916084976816,23.922916084976816,23.75520896911621,23.75520896911621,3900.0,0.0,0.0,0.0,False,,,,,
2025-04-22,23.78480513944797,23.814399295480097,23.755209101793504,23.77000617980957,5300.0,0.0,0.0,0.0,False,,,,,
2025-04-23,23.8834562233308,23.8834562233308,23.84892845153809,23.84892845153809,700.0,0.0,0.0,0.0,False,,,,,
2025-04-24,23.93278313996471,24.00183868408203,23.93278313996471,24.00183868408203,1700.0,0.0,0.0,0.0,False,,,,,
2025-04-25,24.01170320105586,24.051162704207165,23.982107162475582,23.982107162475582,3000.0,0.0,0.0,0.0,False,,,,,
2025-04-28,24.07089233398437,24.07089233398437,24.07089233398437,24.07089233398437,100.0,0.0,0.0,0.0,False,,,,,
2025-04-29,24.0462304486985,24.06102752685547,24.0462304486985,24.06102752685547,300.0,0.0,0.0,0.0,False,,,,,
2025-04-30,23.79467286176102,24.03143554177574,23.79467286176102,23.9525146484375,64500.0,0.0,0.0,0.0,False,,,,,
2025-05-01,24.113730975303096,24.143404006958008,24.06427780906228,24.143404006958008,4000.0,0.063,0.0,0.0,False,,,,,
2025-05-02,24.08405876159668,24.08405876159668,24.08405876159668,24.08405876159668,100.0,0.0,0.0,0.0,False,,,,,
2025-05-05,24.074171132136524,24.113733291625977,24.044498097631276,24.113733291625977,5000.0,0.0,0.0,0.0,False,,,,,
2025-05-06,24.05438841697819,24.11867904663086,24.05438841697819,24.11867904663086,500.0,0.0,0.0,0.0,False,,,,,
2025-05-07,24.153295516967773,24.153295516967773,24.153295516967773,24.153295516967773,100.0,0.0,0.0,0.0,False,,,,,
2025-05-08,24.11373259776354,24.11867904663086,24.04449740576105,24.11867904663086,101000.0,0.0,0.0,0.0,False,,,,,
2025-05-09,24.18890164647606,24.18890164647606,24.143404506211603,24.153295516967773,3100.0,0.0,0.0,0.0,False,,,,,
2025-05-12,24.04449562795415,24.0741686594116,24.04449562795415,24.06427764892578,2300.0,0.0,0.0,0.0,False,,,,,
2025-05-13,24.04449522001641,24.093950271606445,24.04449522001641,24.093950271606445,100.0,0.0,0.0,0.0,False,,,,,
2025-05-14,24.02471599199769,24.074169158935547,23.975260938542444,24.074169158935547,100900.0,0.0,0.0,0.0,False,,,,,
2025-05-15,24.054389109133023,24.113733291625977,24.054389109133023,24.113733291625977,2100.0,0.0,0.0,0.0,False,,,,,
2025-05-16,24.084059599808832,24.084059599808832,23.96536936084179,24.024715423583984,146500.0,0.0,0.0,0.0,False,,,,,
2025-05-19,24.04449562795415,24.06427764892578,23.94558740961333,24.06427764892578,11100.0,0.0,0.0,0.0,False,,,,,
2025-05-20,24.074170068394057,24.074170068394057,24.05438804626465,24.05438804626465,6700.0,0.0,0.0,0.0,False,,,,,
2025-05-21,23.92580752296548,23.95547866821289,23.92580752296548,23.95547866821289,800.0,0.0,0.0,0.0,False,,,,,
2025-05-22,23.975262099061226,23.975262099061226,23.89613589622013,23.94558906555176,2200.0,0.0,0.0,0.0,False,,,,,
2025-05-23,23.99503972255149,23.99503972255149,23.89613151550293,23.89613151550293,400.0,0.0,0.0,0.0,False,,,,,
2025-05-27,23.915917099949112,24.09395152187706,23.915917099949112,24.00493431091309,1200.0,0.0,0.0,0.0,False,,,,,
2025-05-28,24.044495057810757,24.044495057810757,23.97031531070211,24.01482391357422,2100.0,0.0,0.0,0.0,False,,,,,
2025-05-29,23.896133087341028,24.034603454407023,23.896133087341028,23.965368270874023,14100.0,0.0,0.0,0.0,False,,,,,
2025-05-30,23.94558684181525,24.01482391357422,23.94558684181525,24.01482391357422,1300.0,0.0,0.0,0.0,False,,,,,
2025-06-02,23.951349501093052,23.99102138197474,23.951349501093052,23.96126747131348,5300.0,0.066,0.0,0.0,False,,,,,
2025-06-03,23.97118579689191,23.99102173762681,23.936473846435547,23.936473846435547,5100.0,0.0,0.0,0.0,False,,,,,
2025-06-04,24.030691146850582,24.030691146850582,24.030691146850582,24.030691146850582,100.0,0.0,0.0,0.0,False,,,,,
2025-06-05,24.03069018990893,24.03069018990893,23.931512384239443,23.99102020263672,1200.0,0.0,0.0,0.0,False,,,,,
2025-06-06,23.95135164933277,23.98110556266272,23.87200977211248,23.97118759155273,2000.0,0.0,0.0,0.0,False,,,,,
2025-06-09,23.921597594241163,23.93151367284868,23.911679623974244,23.92655563354492,5700.0,0.0,0.0,0.0,False,,,,,
2025-06-10,23.931513430074062,23.931513430074062,23.916637420654297,23.916637420654297,12500.0,0.0,0.0,0.0,False,,,,,
2025-06-11,23.941431530872634,23.96126747131348,23.921597482091187,23.96126747131348,40000.0,0.0,0.0,0.0,False,,,,,
2025-06-12,23.931511922444507,24.050525665283203,23.931511922444507,24.050525665283203,1400.0,0.0,0.0,0.0,False,,,,,
2025-06-13,24.005897521972656,24.005897521972656,24.005897521972656,24.005897521972656,100.0,0.0,0.0,0.0,False,,,,,
2025-06-16,24.020774841308597,24.020774841308597,24.020774841308597,24.020774841308597,100.0,0.0,0.0,0.0,False,,,,,
2025-06-17,24.04854394863108,24.08028221130371,24.04854394863108,24.08028221130371,300.0,0.0,0.0,0.0,False,,,,,
2025-06-18,24.06738983049404,24.090201353212954,23.97118759155273,23.97118759155273,600.0,0.0,0.0,0.0,False,,,,,
2025-06-20,24.08028170964675,24.08028170964675,23.981103897094727,23.981103897094727,400.0,0.0,0.0,0.0,False,,,,,
2025-06-23,24.000938415527344,24.000938415527344,24.000938415527344,24.000938415527344,100.0,0.0,0.0,0.0,False,,,,,
2025-06-24,24.00094079133786,24.100116716170064,24.00094079133786,24.020774841308597,600.0,0.0,0.0,0.0,False,,,,,
2025-06-25,24.010854721069336,24.010854721069336,24.010854721069336,24.010854721069336,100.0,0.0,0.0,0.0,False,,,,,
2025-06-26,24.030691146850582,24.030691146850582,24.030691146850582,24.030691146850582,100.0,0.0,0.0,0.0,False,,,,,
2025-06-27,24.119952657800308,24.119952657800308,24.020774841308597,24.020774841308597,500.0,0.0,0.0,0.0,False,,,,,
2025-06-30,24.14970588684082,24.14970588684082,24.14970588684082,24.14970588684082,100.0,0.0,0.0,0.0,False,,,,,
2025-07-01,24.13578224182129,24.13578224182129,24.13578224182129,24.13578224182129,100.0,0.066,0.0,0.0,False,,,,,
2025-07-02,24.145727177076203,24.16561513130201,24.125837326049805,24.125837326049805,15100.0,0.0,0.0,0.0,False,,,,,
2025-07-03,24.155671147135124,24.155671147135124,24.117881190399945,24.12086296081543,600.0,0.0,0.0,0.0,False,,,,,
2025-07-07,24.125837326049805,24.125837326049805,24.125837326049805,24.125837326049805,100.0,0.0,0.0,0.0,False,,,,,
2025-07-08,24.130809783935547,24.130809783935547,24.130809783935547,24.130809783935547,100.0,0.0,0.0,0.0,False,,,,,
2025-07-09,24.086057662963867,24.086057662963867,24.086057662963867,24.086057662963867,100.0,0.0,0.0,0.0,False,,,,,
2025-07-10,24.086057662963867,24.086057662963867,24.086057662963867,24.086057662963867,100.0,0.0,0.0,0.0,False,,,,,
2025-07-11,24.04628083022681,24.10594848901527,24.04628083022681,24.071142196655277,1000.0,0.0,0.0,0.0,False,,,,,
2025-07-14,24.09600267743399,24.09600267743399,24.006500244140625,24.006500244140625,300.0,0.0,0.0,0.0,False,,,,,
2025-07-15,24.01644515991211,24.01644515991211,24.01644515991211,24.01644515991211,100.0,0.0,0.0,0.0,False,,,,,
2025-07-16,23.98661231994629,23.98661231994629,23.98661231994629,23.98661231994629,100.0,0.0,0.0,0.0,False,,,,,
2025-07-17,23.85733027304547,23.907054901123047,23.85733027304547,23.907054901123047,8100.0,0.0,0.0,0.0,False,,,,,
2025-07-18,23.944842922847712,23.944842922847712,23.88716500989516,23.936887741088867,1600.0,0.0,0.0,0.0,False,,,,,
2025-07-21,23.986612369083183,23.986612369083183,23.936887741088867,23.936887741088867,300.0,0.0,0.0,0.0,False,,,,,
2025-07-22,23.926942825317383,23.926942825317383,23.926942825317383,23.926942825317383,100.0,0.0,0.0,0.0,False,,,,,
2025-07-23,23.96672159194044,23.96672159194044,23.91202545166016,23.91202545166016,200.0,0.0,0.0,0.0,False,,,,,
2025-07-24,23.8772201242765,23.907054901123047,23.8772201242765,23.907054901123047,1500.0,0.0,0.0,0.0,False,,,,,
2025-07-25,23.926942825317383,23.926942825317383,23.926942825317383,23.926942825317383,100.0,0.0,0.0,0.0,False,,,,,
2025-07-28,23.936887741088867,23.936887741088867,23.936887741088867,23.936887741088867,100.0,0.0,0.0,0.0,False,,,,,
2025-07-29,23.98661231994629,23.98661231994629,23.98661231994629,23.98661231994629,100.0,0.0,0.0,0.0,False,,,,,
2025-07-30,23.95677757263184,23.95677757263184,23.95677757263184,23.95677757263184,100.0,0.0,0.0,0.0,False,,,,,
2025-07-31,23.976667404174805,23.976667404174805,23.976667404174805,23.976667404174805,100.0,0.0,0.0,0.0,False,,,,,
2025-08-01,24.123262405395508,24.123262405395508,24.123262405395508,24.123262405395508,100.0,0.067,0.0,0.0,False,,,,,
2025-08-04,24.063425553219915,24.163150038030626,24.063425553219915,24.13323402404785,4200.0,0.0,0.0,0.0,False,,,,,
2025-08-05,24.09334434951637,24.148192913270424,24.08337171046233,24.143205642700195,11600.0,0.0,0.0,0.0,False,,,,,
2025-08-06,24.138219833374023,24.138219833374023,24.138219833374023,24.138219833374023,100.0,0.0,0.0,0.0,False,,,,,
2025-08-07,24.143205642700195,24.143205642700195,24.143205642700195,24.143205642700195,300.0,0.0,0.0,0.0,False,,,,,
2025-08-08,24.123262405395508,24.123262405395508,24.123262405395508,24.123262405395508,100.0,0.0,0.0,0.0,False,,,,,
2025-08-11,24.15317872795092,24.15317872795092,24.148193359375,24.148193359375,4200.0,0.0,0.0,0.0,False,,,,,
2025-08-12,24.154176743714928,24.16315078735352,24.15317814835455,24.16315078735352,2900.0,0.0,0.0,0.0,False,,,,,
2025-08-13,24.193068704350416,24.193068704350416,24.16315078735352,24.16315078735352,1000.0,0.0,0.0,0.0,False,,,,,
2025-08-14,24.163150346392648,24.17312298520962,24.15317770757568,24.158164978027344,700.0,0.0,0.0,0.0,False,,,,,
2025-08-15,24.15317916870117,24.17312444754169,24.13622587189538,24.15317916870117,700.0,0.0,0.0,0.0,False,,,,,
2025-08-18,24.173123426352483,24.173123426352483,24.16315078735352,24.16315078735352,300.0,0.0,0.0,0.0,False,,,,,
2025-08-19,24.173124006427468,24.173124006427468,24.148193359375,24.148193359375,4600.0,0.0,0.0,0.0,False,,,,,
2025-08-20,24.193068704350416,24.193068704350416,24.16315078735352,24.16315078735352,800.0,0.0,0.0,0.0,False,,,,,
2025-08-21,24.163151501206013,24.163151501206013,24.12824821472168,24.12824821472168,1600.0,0.0,0.0,0.0,False,,,,,
2025-08-22,24.19306857095081,24.19306857095081,24.173123293062854,24.18309593200684,2600.0,0.0,0.0,0.0,False,,,,,
2025-08-25,24.143205955027454,24.16813850402832,24.143205955027454,24.16813850402832,100.0,0.0,0.0,0.0,False,,,,,
2025-08-26,24.15317788221476,24.232957091241012,24.15317788221476,24.20304107666016,2400.0,0.0,0.0,0.0,False,,,,,
2025-08-27,24.22797203063965,24.22797203063965,24.22797203063965,24.22797203063965,100.0,0.0,0.0,0.0,False,,,,,
2025-08-28,24.23295756952066,24.252902847692475,24.217002868652344,24.217002868652344,1000.0,0.0,0.0,0.0,False,,,,,
2025-08-29,24.16315184613284,24.248915023612795,24.16315184613284,24.218000411987305,1200.0,0.0,0.0,0.0,False,,,,,
2025-09-02,24.229999542236328,24.229999542236328,24.200000762939453,24.200000762939453,200.0,0.067,0.0,0.0,False,,,,,
2025-09-03,24.229999542236328,24.257999420166016,24.229999542236328,24.257999420166016,1100.0,0.0,0.0,0.0,False,,,,,
2025-09-04,24.270000457763672,24.299999237060547,24.270000457763672,24.299999237060547,300.0,0.0,0.0,0.0,False,,,,,
2025-09-05,,,,,,,,,,24.434999465942383,24.479999542236328,24.3700008392334,24.3799991607666,22400.0
2025-09-08,,,,,,,,,,24.55500030517578,24.56999969482422,24.55500030517578,24.56999969482422,100.0
2025-09-09,,,,,,,,,,24.610000610351562,24.690000534057617,24.610000610351562,24.690000534057617,800.0
2025-09-10,,,,,,,,,,24.71500015258789,24.71500015258789,24.709999084472656,24.709999084472656,100.0
2025-09-11,,,,,,,,,,24.78499984741211,24.809999465942383,24.78499984741211,24.809999465942383,100.0
2025-09-12,,,,,,,,,,24.80500030517578,24.850000381469727,24.80500030517578,24.850000381469727,300.0
2025-09-15,,,,,,,,,,24.850000381469727,24.899999618530273,24.850000381469727,24.899999618530273,300.0
