Date,Open,High,Low,Close,Volume
2022-01-19 00:00:00-05:00,36.78399494716099,41.62399428231375,36.78399494716099,40.6559944152832,129900
2022-01-20 00:00:00-05:00,39.639591574096514,46.82214814107283,39.639591574096514,43.55998992919922,153400
2022-01-21 00:00:00-05:00,41.62399037679037,48.35158955993636,41.575591126505365,43.55998992919922,329500
2022-01-24 00:00:00-05:00,43.48255588940778,43.559997657704535,40.53983885403918,41.430397033691406,110000
2022-01-25 00:00:00-05:00,41.13999569710731,43.48255367963478,40.00743758802417,40.55725860595703,23500
2022-01-26 00:00:00-05:00,43.569673004171925,43.61807595230659,40.89799495828017,41.83695602416992,90500
2022-01-27 00:00:00-05:00,45.747673206302665,48.03215353900394,42.34999521495561,44.29567337036133,151600
2022-01-28 00:00:00-05:00,43.12440080279179,46.076800169788655,42.73720300452906,45.25400161743164,43600
2022-01-31 00:00:00-05:00,44.52798970540365,46.4639892578125,44.52798970540365,46.4639892578125,71300
2022-02-01 00:00:00-05:00,45.979992341485456,48.39999193840574,45.54439167551453,48.18703079223633,298800
2022-02-02 00:00:00-05:00,48.43388019795357,54.43063994534056,48.2063996055098,51.31367874145508,23860900
2022-02-03 00:00:00-05:00,50.5199118090996,54.75975226718503,48.69039264840304,51.90415191650391,8425500
2022-02-04 00:00:00-05:00,50.916793720721714,52.59143681228913,48.51615439025372,48.53551483154297,6757800
2022-02-07 00:00:00-05:00,48.39999655542854,48.43871743890328,44.527996830994255,44.59575653076172,9432500
2022-02-08 00:00:00-05:00,43.68583597894342,46.038076002170286,42.75655328007645,44.04399490356445,7277500
2022-02-09 00:00:00-05:00,43.31798937722549,45.931589474823525,42.475830617681765,45.79607009887695,4393100
2022-02-10 00:00:00-05:00,44.05367837524414,46.948,43.92784103393554,45.54439926147461,2450000
2022-02-11 00:00:00-05:00,45.26366042273535,47.34486107433868,44.58606364558588,46.55110168457031,3456800
2022-02-14 00:00:00-05:00,46.647910784026905,47.431991980810274,45.48631393451629,46.57047271728516,2155000
2022-02-15 00:00:00-05:00,46.1735900634764,46.89958989562972,45.68959017537418,46.4639892578125,2359800
2022-02-16 00:00:00-05:00,46.19295464063735,46.918954537834495,45.447594303066445,45.68959426879883,5855300
2022-02-17 00:00:00-05:00,44.83775215137828,45.57343409531895,43.74391130170735,43.84071350097656,3142600
2022-02-18 00:00:00-05:00,43.7051965008238,44.43119641816222,43.36639432382328,43.95687484741211,2018700
2022-02-22 00:00:00-05:00,43.956871895225625,44.21823229102942,42.09831400412256,42.14671325683594,2611100
2022-02-23 00:00:00-05:00,42.291915266977725,42.5823181977075,40.83023700937025,41.71111679077149,2791200
2022-02-24 00:00:00-05:00,41.90632250503042,43.30481716838462,41.00312687721336,43.042598724365234,2447900
2022-02-25 00:00:00-05:00,43.023167859026834,43.635010797439634,42.47931076243645,42.6444091796875,2040700
2022-02-28 00:00:00-05:00,42.05199784766192,45.27630783567438,41.23620835040881,44.65475463867188,5534900
2022-03-01 00:00:00-05:00,44.30512853865056,46.6650908006077,44.04291009790541,46.4125862121582,4212900
2022-03-02 00:00:00-05:00,46.61653190794563,48.85023998758487,45.965844595010125,48.03445053100586,3517100
2022-03-03 00:00:00-05:00,48.38407643788796,48.87937917763135,46.17659051193529,48.09272384643555,2072200
2022-03-04 00:00:00-05:00,47.75281030434759,49.56891544470815,46.85932851305195,49.530067443847656,2544600
2022-03-07 00:00:00-05:00,49.58833993967096,51.06453064434783,48.43263598341609,50.16133499145508,2726900
2022-03-08 00:00:00-05:00,49.704873579456255,53.72554855121258,49.38438316922264,50.81201553344727,3873700
2022-03-09 00:00:00-05:00,50.92856350187255,52.13282562769305,49.1318860183675,49.85055923461914,3050600
2022-03-10 00:00:00-05:00,49.112463627153645,50.151623631311175,47.84993316184304,49.84084701538086,2692700
2022-03-11 00:00:00-05:00,49.93795493929264,50.34585149472705,46.89817144323457,47.89848327636719,3034100
2022-03-14 00:00:00-04:00,50.36527405563711,50.36527405563711,47.18952266190396,49.48150253295898,2916600
2022-03-15 00:00:00-04:00,49.86027232523596,50.10306679434896,48.46177751685492,49.81171417236328,2117400
2022-03-16 00:00:00-04:00,50.21960580282792,50.88972089128121,48.89880333226726,50.27787780761719,2989800
2022-03-17 00:00:00-04:00,50.3847028314793,51.19077843949596,49.44265922613836,49.520355224609375,2244600
2022-03-18 00:00:00-04:00,49.19015041310319,49.92824381139901,47.47116549453076,47.597415924072266,9663900
2022-03-21 00:00:00-04:00,47.500306076199166,48.00531897704965,47.19923962432216,47.80137252807617,2452000
2022-03-22 00:00:00-04:00,48.89879579565673,50.54979862939392,48.568595228909295,49.6660270690918,3841900
2022-03-23 00:00:00-04:00,49.23871278727562,50.27787268595621,49.23871278727562,49.520355224609375,2396200
2022-03-24 00:00:00-04:00,49.70487732388862,51.0645276498389,49.30377895878616,50.8994255065918,2335200
2022-03-25 00:00:00-04:00,50.73433170932555,52.26879076151574,50.53038154845106,52.24936676025391,2441200
2022-03-28 00:00:00-04:00,52.81264641639967,55.21145290942302,52.49215598466125,55.14347076416016,3127000
2022-03-29 00:00:00-04:00,55.35713109312033,55.73588981836604,53.05544089026243,54.70644378662109,2201300
2022-03-30 00:00:00-04:00,54.55105185968112,56.12436246538595,54.09460084125976,55.84272003173828,1934100
2022-03-31 00:00:00-04:00,56.65851154548815,57.37718472912597,54.17229510761177,54.62874984741211,3817600
2022-04-01 00:00:00-04:00,54.73558506558777,56.619668790027085,54.09460782286103,56.34774017333984,2156500
2022-04-04 00:00:00-04:00,56.67794080525516,57.00814142760978,55.87186139886758,56.697364807128906,1885100
2022-04-05 00:00:00-04:00,56.959581124244096,58.58144631958271,56.76534481759142,57.29949188232422,2143100
2022-04-06 00:00:00-04:00,57.20237680306083,58.34836696156252,56.68765002372565,57.88219833374024,2559400
2022-04-07 00:00:00-04:00,58.037582097693154,59.30982631432448,57.63939935886186,59.15443801879883,3925800
2022-04-08 00:00:00-04:00,59.45550012256452,63.02943436354301,59.14472355419673,62.1747932434082,4762100
2022-04-11 00:00:00-04:00,62.33019067542178,62.7983005620378,58.66884997331078,58.93106842041016,3487700
2022-04-12 00:00:00-04:00,59.24184169912427,61.38814359941179,59.1253014085213,60.08676528930664,2553000
2022-04-13 00:00:00-04:00,60.251872947752624,62.68953135489323,59.97023049031816,62.34961318969727,3405700
2022-04-14 00:00:00-04:00,62.27192593046839,62.854631154086846,60.38880918927838,60.74717330932617,1860100
2022-04-18 00:00:00-04:00,60.49466959525257,62.32048129879923,60.49466959525257,61.48527145385742,1216800
2022-04-19 00:00:00-04:00,61.79605847474321,64.96209719112441,61.06767495945074,64.78728485107422,2078800
2022-04-20 00:00:00-04:00,65.86528067784037,66.70049421129373,63.189688401526894,63.52474594116211,2182800
2022-04-21 00:00:00-04:00,63.12655445722463,64.38908851016843,60.35869932061521,60.86370849609375,2493700
2022-04-22 00:00:00-04:00,60.69861646191872,62.59824160750677,60.49466999974656,60.63063430786133,2030500
2022-04-25 00:00:00-04:00,60.562641125330025,61.02880597029887,57.72680035416682,60.47523498535156,2261600
2022-04-26 00:00:00-04:00,60.01878822408237,60.42668483283866,58.18326274655245,58.222110748291016,2136500
2022-04-27 00:00:00-04:00,58.2803743762836,59.42636440250057,58.0084457954013,58.35807037353516,1991600
2022-04-28 00:00:00-04:00,58.48432759219013,59.58175582546043,57.105253206446655,59.542911529541016,3354600
2022-04-29 00:00:00-04:00,59.72743907082452,60.07706369716976,57.4451725557091,57.5034408569336,2578400
2022-05-02 00:00:00-04:00,57.590846659953336,58.26096175791756,55.26002200654391,56.522552490234375,2488200
2022-05-03 00:00:00-04:00,56.76534443398701,58.70770007788905,56.76534443398701,57.97931671142578,2224200
2022-05-04 00:00:00-04:00,58.38720308217295,60.49951386750256,58.11818644067582,60.02849578857422,2628900
2022-05-05 00:00:00-04:00,59.45550958492397,60.20331697930674,57.46459201447983,58.42605972290039,1946800
2022-05-06 00:00:00-04:00,58.523176466522486,59.46522018031506,57.00814136941226,58.53289031982422,2861000
2022-05-09 00:00:00-04:00,58.82424206017349,58.82424206017349,54.93953066135867,55.959266662597656,2193700
2022-05-10 00:00:00-04:00,56.57111283759301,58.144420002785,55.09977890762415,55.39598846435547,2156200
2022-05-11 00:00:00-04:00,55.46396421556138,57.32862379528872,54.90067931871712,55.71646881103516,1877000
2022-05-12 00:00:00-04:00,55.79532698956782,56.32105223982535,51.67712419826949,52.05681610107422,3785600
2022-05-13 00:00:00-04:00,53.088803396097525,54.423570822021,52.212592088276985,53.166690826416016,2317500
2022-05-16 00:00:00-04:00,52.98170655188301,55.62008551530802,52.903822840563805,55.094356536865234,1631900
2022-05-17 00:00:00-04:00,55.34748444116151,57.907976034912544,54.50047910011055,57.75220489501953,2215100
2022-05-18 00:00:00-04:00,57.84956924503212,58.66250360255249,55.42538028039159,55.76612854003906,4609100
2022-05-19 00:00:00-04:00,55.62008979841992,55.99004395495951,53.46849593515282,55.71744537353516,2181100
2022-05-20 00:00:00-04:00,55.99004626205989,57.382252584061696,54.02343682378164,55.15277862548828,2266200
2022-05-23 00:00:00-04:00,55.9803105001904,56.067932004311,54.38365528188358,55.104095458984375,1581800
2022-05-24 00:00:00-04:00,55.05541423959289,55.84400772752967,53.61453026131639,55.279335021972656,1682300
2022-05-25 00:00:00-04:00,55.37670413561226,57.77168723892804,55.37670413561226,57.606178283691406,1974700
2022-05-26 00:00:00-04:00,57.61591364077075,61.376816200156085,57.60617585411468,60.81896209716797,3260100
2022-05-27 00:00:00-04:00,60.75079743418164,64.87873405348444,60.36136776947314,64.83979034423828,2793800
2022-05-31 00:00:00-04:00,63.80781967723925,64.63535322324196,59.74802823828372,60.439266204833984,7389300
2022-06-01 00:00:00-04:00,60.73133452616639,62.23063041424618,60.507413735829005,61.967769622802734,2008600
2022-06-02 00:00:00-04:00,62.006708939888455,62.425348300523325,60.34190413843402,62.06512451171875,1758500
2022-06-03 00:00:00-04:00,61.58806660127159,64.08040835373612,61.45176732902089,63.44758605957031,1793500
2022-06-06 00:00:00-04:00,63.83701040403804,65.17080451711047,63.6569022581232,64.63533782958984,2033200
2022-06-07 00:00:00-04:00,63.78833102925738,64.93714442879443,63.43882554513481,64.7911148071289,2721700
2022-06-08 00:00:00-04:00,64.68402727671956,64.71323320367627,61.46150754089091,63.05815887451172,1922200
2022-06-09 00:00:00-04:00,62.56163988557144,62.75635100661397,59.54356922901671,59.592247009277344,1811000
2022-06-10 00:00:00-04:00,58.268208774510576,59.44623222219842,57.64512407940036,58.20979690551758,1540800
2022-06-13 00:00:00-04:00,56.729953537539934,57.43092548668324,53.74109239665359,54.01369094848633,2113200
2022-06-14 00:00:00-04:00,54.54915997124133,54.98726748756409,51.91078451520903,53.00118255615234,2330400
2022-06-15 00:00:00-04:00,54.22788158474331,57.98099569286239,54.20840972764469,56.661808013916016,3891700
2022-06-16 00:00:00-04:00,54.84122722374583,56.80783633598868,54.59783460240247,56.72021484375,4837000
2022-06-17 00:00:00-04:00,57.00255297059288,57.92744570359368,54.01856067596643,56.56444549560547,6478700
2022-06-21 00:00:00-04:00,56.56444774148025,59.32938826533255,56.56444774148025,58.7841911315918,4363600
2022-06-22 00:00:00-04:00,57.713268363445366,58.83287612404135,57.30923935630202,57.645118713378906,3233400
2022-06-23 00:00:00-04:00,58.29740978276826,59.61172863460703,56.26264703780996,57.09991836547852,2667600
2022-06-24 00:00:00-04:00,57.28489094833907,58.74524676410515,56.44761968641288,57.713260650634766,6473700
2022-06-27 00:00:00-04:00,57.55749695518335,58.28864799336026,56.8759967435894,57.84956741333008,1718900
2022-06-28 00:00:00-04:00,58.25846162234703,59.30018180947747,56.30158645895417,56.54497909545898,1401700
2022-06-29 00:00:00-04:00,56.428152540302754,56.6179985150899,54.83149730933542,55.79533386230469,1412200
2022-06-30 00:00:00-04:00,55.39616840087901,57.2790520915595,55.05541646393475,55.74665069580078,2424400
2022-07-01 00:00:00-04:00,55.22092399287369,56.55471463567631,55.12356470741697,56.07766342163086,1531900
2022-07-05 00:00:00-04:00,55.6395623343134,55.85374534495264,51.4921494196213,53.48796844482422,2696000
2022-07-06 00:00:00-04:00,53.67294742651833,55.707710099072365,53.11801248981059,55.259864807128906,1716600
2022-07-07 00:00:00-04:00,56.04845293125568,58.31687396043537,56.04845293125568,57.54775238037109,1872100
2022-07-08 00:00:00-04:00,57.38224839680685,58.22925747168748,55.90242067602488,58.073486328125,2096000
2022-07-11 00:00:00-04:00,58.07349153893821,58.55053908408157,56.866262282599145,58.25846862792969,1774700
2022-07-12 00:00:00-04:00,57.83982811535705,59.49489884716883,57.36277689617597,57.66458511352539,1808400
2022-07-13 00:00:00-04:00,56.61312972608256,58.6868323513574,56.61312972608256,58.238990783691406,1577200
2022-07-14 00:00:00-04:00,56.74943355849688,57.41146189152528,55.581148046453976,56.38920974731445,2608600
2022-07-15 00:00:00-04:00,53.50743422780348,55.14887490647211,51.248750946376674,54.18893432617188,5186100
2022-07-18 00:00:00-04:00,54.84123605538709,55.17224650839843,53.14722150392723,53.36140823364258,2583100
2022-07-19 00:00:00-04:00,53.9747526302894,54.03316820318049,52.73831752483966,53.546382904052734,2326200
2022-07-20 00:00:00-04:00,53.70214887707092,53.88226075739035,51.95945678276968,52.64095687866211,2803600
2022-07-21 00:00:00-04:00,52.43651005464842,53.405211705314805,51.901046998626256,52.72858047485352,1816800
2022-07-22 00:00:00-04:00,53.34193277341169,54.13052256343104,52.00813840972411,52.57281112670898,1503100
2022-07-25 00:00:00-04:00,52.55333618180085,53.60479412521872,51.9594575708567,53.5074348449707,1847700
2022-07-26 00:00:00-04:00,53.93580940956363,55.17224072733567,53.43928635431882,54.033164978027344,1993500
2022-07-27 00:00:00-04:00,53.57558125532345,54.28628724585575,52.74804784941125,54.0623664855957,1557200
2022-07-28 00:00:00-04:00,60.926036733298126,64.1972338349351,60.5463411618883,62.88290786743164,8460600
2022-07-29 00:00:00-04:00,62.16247097043005,64.8397896744856,61.95802206981435,64.3530044555664,3895200
2022-08-01 00:00:00-04:00,64.30433946091665,64.83979882060638,62.435078311501954,63.574161529541016,2735200
2022-08-02 00:00:00-04:00,63.57416245141285,65.02478054967636,63.27235051786169,64.09988403320312,1722900
2022-08-03 00:00:00-04:00,64.86899307753679,65.59917087753146,63.8078049068658,65.39472198486328,2286700
2022-08-04 00:00:00-04:00,63.778618361370015,66.56303114556708,63.778618361370015,65.67707824707031,2425900
2022-08-05 00:00:00-04:00,67.91629198032223,73.97190273271693,67.90655419385644,72.3363037109375,4216800
2022-08-08 00:00:00-04:00,74.97467916506713,75.57828822500211,72.98859411253667,73.88427734375,3183600
2022-08-09 00:00:00-04:00,73.74797118765046,74.74100990770803,73.03726139842239,73.71876525878906,2945700
2022-08-10 00:00:00-04:00,74.04004401965655,75.15964422085695,73.50457724084025,75.0817642211914,2134600
2022-08-11 00:00:00-04:00,75.0817695190033,77.94406211497072,74.653396065724,76.74657440185547,2540200
2022-08-12 00:00:00-04:00,77.68384313268696,79.66373144040038,77.08890037289306,79.48817443847656,2170800
2022-08-15 00:00:00-04:00,78.26904828279423,80.39523581104731,78.26904828279423,79.19559478759766,1980100
2022-08-16 00:00:00-04:00,79.0980503918566,80.08312069235646,78.90299035501424,79.3906478881836,1878800
2022-08-17 00:00:00-04:00,78.4348406915518,79.43941408133136,77.14742502214415,77.73261260986328,2502200
2022-08-18 00:00:00-04:00,77.45951403181549,80.11724586774234,77.45951403181549,79.58570098876953,1939600
2022-08-19 00:00:00-04:00,78.3275589428105,79.27361584853745,77.87891485741649,78.84447479248047,1704000
2022-08-22 00:00:00-04:00,78.75669059094042,78.75669059094042,77.55704980075048,77.68384552001953,1724600
2022-08-23 00:00:00-04:00,78.28854795987499,78.89324606366186,77.63508856064584,77.78138732910156,1065800
2022-08-24 00:00:00-04:00,77.69362017134428,78.82010814939771,77.35225386436369,78.38609313964844,1430200
2022-08-25 00:00:00-04:00,78.03496469494546,80.78535303077724,77.7960098121904,80.69757080078125,1551700
2022-08-26 00:00:00-04:00,80.6975568519929,81.17546653489502,78.61038345498942,78.83470916748047,1641000
2022-08-29 00:00:00-04:00,77.68385247596508,79.96608633440302,77.1961949054205,79.00052642822266,1191200
2022-08-30 00:00:00-04:00,79.56620717654077,79.56620717654077,77.03038941964708,77.72286224365234,1802800
2022-08-31 00:00:00-04:00,78.27878727325167,80.35620563177486,77.60581751382922,79.5759506225586,3016500
2022-09-01 00:00:00-04:00,79.57596587872013,80.8926473893373,79.15658747411321,80.4830093383789,2421100
2022-09-02 00:00:00-04:00,80.54154543814211,81.62414609947287,78.96153185215687,79.06881713867188,2232200
2022-09-06 00:00:00-04:00,79.68323442062871,80.65854944384846,79.07854386851285,80.22941589355469,2013300
2022-09-07 00:00:00-04:00,80.56101733135905,82.37510382258117,79.6676284361889,80.8536148071289,1759100
2022-09-08 00:00:00-04:00,80.82436118668703,83.82832589716425,80.82436118668703,83.67227935791016,2184400
2022-09-09 00:00:00-04:00,84.36475270378813,85.64241305145667,83.32603978357808,85.34982299804688,1905300
2022-09-12 00:00:00-04:00,86.37390698982183,86.47144445731959,85.30106181692287,85.95452117919922,1733800
2022-09-13 00:00:00-04:00,84.75488684900465,85.85699027445285,83.65277598249247,84.24771881103516,1974200
2022-09-14 00:00:00-04:00,84.24771353027901,86.34464243050239,84.1306804835172,85.87649536132812,3600300
2022-09-15 00:00:00-04:00,85.71069094742062,86.08131545910932,84.17944649093094,84.65735626220703,3631800
2022-09-16 00:00:00-04:00,84.47203883213083,84.71586759970053,82.7974200586223,83.45771026611328,6245600
2022-09-19 00:00:00-04:00,83.2919052799773,87.48575545590833,83.1456065368611,87.1541519165039,4407400
2022-09-20 00:00:00-04:00,86.22760430580148,87.95390861344781,85.3985805877211,85.58389282226562,4626000
2022-09-21 00:00:00-04:00,86.5982314730239,87.86613668012926,85.0767422480719,85.12550354003906,2155100
2022-09-22 00:00:00-04:00,85.82773598648262,85.82773598648262,82.54092114548985,83.27240753173828,1863300
2022-09-23 00:00:00-04:00,81.71678383022214,82.25807659780465,80.12701536535266,81.7801742553711,2678800
2022-09-26 00:00:00-04:00,81.60461716397113,82.85301937074495,79.63448382660573,80.87313079833984,1973300
2022-09-27 00:00:00-04:00,81.62412213328543,83.30653917264411,81.02917933404756,81.89720916748047,1777800
2022-09-28 00:00:00-04:00,82.03374710644319,83.41869265200934,81.12670383822194,82.92127990722656,1564300
2022-09-29 00:00:00-04:00,82.95055893271436,84.08192067076004,80.04411642584489,80.99017333984375,1823700
2022-09-30 00:00:00-04:00,81.22423413116859,82.36535092512173,80.19040258530299,81.13645935058594,3267800
2022-10-03 00:00:00-04:00,82.93105573481256,84.76465319402132,81.79969389755168,84.45254516601562,2026700
2022-10-04 00:00:00-04:00,86.12032244431134,87.25655793672018,85.00846387545836,87.1346435546875,1679100
2022-10-05 00:00:00-04:00,85.5156279596454,87.26144287532605,83.47721553858625,85.9935302734375,1766700
2022-10-06 00:00:00-04:00,86.05206132007314,87.68960889419705,83.8283364665542,84.15019226074219,1677300
2022-10-07 00:00:00-04:00,83.59424684822379,83.63326034072719,81.31201334474677,82.30683135986328,2017200
2022-10-10 00:00:00-04:00,82.85301857265124,83.51623316874434,81.85820039904362,82.62870025634766,982800
2022-10-11 00:00:00-04:00,82.32634468132512,83.21387748309836,80.51225814285937,80.8341064453125,1534200
2022-10-12 00:00:00-04:00,81.05843567894655,81.52658274333302,79.66373483781182,80.13188934326172,1878400
2022-10-13 00:00:00-04:00,78.5713860567132,82.23857310205734,77.34249432600107,81.75091552734375,2746500
2022-10-14 00:00:00-04:00,82.1312969049789,82.66772327279362,78.71769350523215,79.25411987304688,1693300
2022-10-17 00:00:00-04:00,81.16572519761156,84.15994230806344,81.0876982024248,83.08709716796875,1678900
2022-10-18 00:00:00-04:00,84.36475648421352,85.24254156590362,82.42388151102251,84.37451171875,1598900
2022-10-19 00:00:00-04:00,82.98955022224182,84.10141617396764,82.47263446004665,83.57474517822266,1325800
2022-10-20 00:00:00-04:00,84.2379585576752,84.58907255016297,82.1020163435517,82.4726333618164,2076500
2022-10-21 00:00:00-04:00,82.60918871333848,85.30106056146151,81.59486752407976,85.12550354003906,1749200
2022-10-24 00:00:00-04:00,85.40638602814508,85.54487909351062,83.45770555618846,85.4180908203125,1325000
2022-10-25 00:00:00-04:00,85.3400732231452,86.37390487190801,84.60858688123253,85.97402954101562,1647200
2022-10-26 00:00:00-04:00,87.46625550751018,87.46625550751018,85.17426658823861,86.58847045898438,1370100
2022-10-27 00:00:00-04:00,87.58816438235012,90.84083903335107,87.58816438235012,90.7433090209961,3345800
2022-10-28 00:00:00-04:00,90.59701943075656,92.90071323057016,89.55343256694078,91.435791015625,1958000
2022-10-31 00:00:00-04:00,91.81614847310816,93.06455041412455,91.07003313428098,92.2062759399414,2276600
2022-11-01 00:00:00-04:00,92.88900708160024,93.86432217153197,91.68449235024946,93.16209411621094,1467400
2022-11-02 00:00:00-04:00,92.34283869806114,93.91309668481937,90.68480591951516,90.79208374023438,1966100
2022-11-03 00:00:00-04:00,89.88502451314847,93.09380397735464,89.88502451314847,92.07948303222656,1484400
2022-11-04 00:00:00-04:00,92.74269609424508,93.8350515296358,90.45558876058936,91.99170684814452,1974300
2022-11-07 00:00:00-05:00,92.71345239311437,92.71345239311437,90.66529214110058,91.19196319580078,2120300
2022-11-08 00:00:00-05:00,87.3492226897434,90.80672056107854,83.95513012553478,85.37908935546875,4345400
2022-11-09 00:00:00-05:00,84.85240497123846,87.70032298441802,84.19894570731505,85.19376373291016,2241500
2022-11-10 00:00:00-05:00,88.26601214576522,93.47419094818063,86.02278455127072,92.79147338867188,4885600
2022-11-11 00:00:00-05:00,92.93778405248727,93.50346864065716,89.34375000857824,90.03134155273438,3133200
2022-11-14 00:00:00-05:00,89.86625424177934,92.52317077697128,89.86625424177934,91.7417221069336,1997000
2022-11-15 00:00:00-05:00,92.31803625119528,92.55246785617769,90.50117454457752,91.33145904541016,2537200
2022-11-16 00:00:00-05:00,92.12268055903476,92.32780916763794,89.16295606677178,89.55368041992188,1384600
2022-11-17 00:00:00-05:00,88.33267085043214,89.33878102228813,86.8088540815976,87.96148681640625,1792500
2022-11-18 00:00:00-05:00,88.02986878987355,91.27286844156718,87.93804718280919,91.13611602783205,2515700
2022-11-21 00:00:00-05:00,91.88825877682962,92.03478135652128,90.60864364924818,91.22402954101562,1744800
2022-11-22 00:00:00-05:00,92.3668844346072,94.12514033727504,91.90778386821908,94.03722381591795,1567600
2022-11-23 00:00:00-05:00,93.80278455041676,95.61964635125295,92.22524317178232,94.3791046142578,1135900
2022-11-25 00:00:00-05:00,94.3595686250257,95.1898532069813,93.77348582908334,94.90658569335938,631700
2022-11-28 00:00:00-05:00,93.84186308640815,94.3497995279512,92.19105660961075,92.611083984375,1590100
2022-11-29 00:00:00-05:00,92.49385532434565,92.90411246737354,91.15562707881648,92.23988342285156,1436200
2022-11-30 00:00:00-05:00,91.9566274258266,94.69169051368532,91.5854433799168,93.89070892333984,3361800
2022-12-01 00:00:00-05:00,94.75029743897213,95.51220585485268,91.70265632300246,92.27897644042967,1748600
2022-12-02 00:00:00-05:00,90.83329061208222,91.32169416460812,88.92851973820991,89.90532684326172,1848700
2022-12-05 00:00:00-05:00,88.8992314458095,89.48531431545038,87.71729554717348,87.97126007080078,2397000
2022-12-06 00:00:00-05:00,87.77588456552486,88.77222450533013,87.71727852566765,88.67454528808594,1237500
2022-12-07 00:00:00-05:00,88.77224364908632,91.0384362591108,88.48896864127724,89.83696746826172,1237200
2022-12-08 00:00:00-05:00,90.18860061666015,90.82840806969692,88.82106919701127,89.2899398803711,1002400
2022-12-09 00:00:00-05:00,89.24109260301897,89.7294961275747,87.60982661958995,87.63912963867188,1384600
2022-12-12 00:00:00-05:00,87.89309646556832,88.81128997086911,87.0041985252057,88.772216796875,1554100
2022-12-13 00:00:00-05:00,89.84671353340629,90.55977848903903,88.293586486745,88.73314666748047,1629900
2022-12-14 00:00:00-05:00,89.41691149080467,90.14951672291504,87.79540833322639,88.74291229248047,2561600
2022-12-15 00:00:00-05:00,88.70384719774378,88.74292037464171,87.35585613077443,87.61959075927734,2245100
2022-12-16 00:00:00-05:00,86.105567791401,86.54512810974558,83.9370543223442,86.15440368652344,3911700
2022-12-19 00:00:00-05:00,86.33021594670304,86.61349092339748,84.98222472022873,85.69529724121094,1238100
2022-12-20 00:00:00-05:00,85.95902572385145,86.07624525999212,85.10431950216544,85.52922821044922,1306600
2022-12-21 00:00:00-05:00,85.94925169726909,88.07869140040184,84.69893984450242,87.57075500488281,1409500
2022-12-22 00:00:00-05:00,87.06281372993573,87.30213415118902,84.52311677239048,85.3045654296875,1548300
2022-12-23 00:00:00-05:00,85.49016398612397,86.18370366537353,85.10920976932357,85.99810791015625,600700
2022-12-27 00:00:00-05:00,86.38883248102121,86.84793306447153,85.24596237558936,85.60738372802734,634400
2022-12-28 00:00:00-05:00,85.91017516507425,86.2911293099469,84.41566160404369,84.60125732421875,752000
2022-12-29 00:00:00-05:00,85.1385224089077,85.65622905245937,84.27892727022771,84.75756072998047,870800
2022-12-30 00:00:00-05:00,84.59148728750405,84.59148728750405,83.14581705681584,84.21053314208984,1343300
2023-01-03 00:00:00-05:00,84.00541443882643,84.12263397906389,78.91625010955863,80.0102767944336,4030600
2023-01-04 00:00:00-05:00,80.04934177928021,81.79782744625065,79.40465294507406,81.4754867553711,2612200
2023-01-05 00:00:00-05:00,80.99685406779884,81.9736613019569,79.98586245571809,80.49868774414062,1906300
2023-01-06 00:00:00-05:00,81.68061981409716,83.18490377921209,81.15314303782718,81.56340026855469,1914100
2023-01-09 00:00:00-05:00,81.90527340476997,83.23373164983336,81.6415387682625,82.05179595947266,1301500
2023-01-10 00:00:00-05:00,81.46572284568595,81.55363191745556,79.68793402068484,81.15314483642578,1376700
2023-01-11 00:00:00-05:00,81.07500689829331,82.41811695233129,80.5279971883413,82.15926361083984,1696200
2023-01-12 00:00:00-05:00,81.93457315207397,82.83324130720837,80.8503167240137,82.38390350341797,1496700
2023-01-13 00:00:00-05:00,81.86618777831588,83.71724111478134,81.51453668147931,83.18488311767578,1366200
2023-01-17 00:00:00-05:00,81.98344161888639,83.0481580588641,81.07501048046515,81.43643188476562,2763600
2023-01-18 00:00:00-05:00,81.38757556124831,82.54997851339375,79.87352142110001,79.95166778564453,2084900
2023-01-19 00:00:00-05:00,79.70747882729475,79.8930746098771,78.88207541837689,78.96510314941406,1635500
2023-01-20 00:00:00-05:00,79.23860210988597,81.17267617696744,78.5841356272871,81.07499694824219,1795100
2023-01-23 00:00:00-05:00,81.00661710137248,82.33507541917025,80.64324323249984,82.18855285644531,1596200
2023-01-24 00:00:00-05:00,82.05180677802254,82.27647571851554,81.05546668908067,81.96389770507812,1176000
2023-01-25 00:00:00-05:00,81.48525399509275,81.62200640548669,80.57682301036309,81.4657211303711,1535200
2023-01-26 00:00:00-05:00,81.690367814495,84.07377931100316,81.34848685043345,83.88818359375,2161100
2023-01-27 00:00:00-05:00,83.88819857592493,84.65011444219722,82.87231820667598,84.57196807861328,1455100
2023-01-30 00:00:00-05:00,83.92726458736618,84.83569549218701,80.34238430426173,80.48890686035156,3045800
2023-01-31 00:00:00-05:00,80.95777170763006,83.51700905391755,80.46936814591123,83.38025665283203,2509000
2023-02-01 00:00:00-05:00,83.47306220202717,83.87843808984469,80.95289780309892,83.42910766601562,2623400
2023-02-02 00:00:00-05:00,83.49749763325413,84.66966350142073,81.81249895064748,83.3509750366211,2389600
2023-02-03 00:00:00-05:00,82.42298800687307,83.1849038751063,81.12384010807168,81.27035522460938,1807200
2023-02-06 00:00:00-05:00,81.08477005587456,81.90528454994552,80.59636644203773,81.32897186279297,1502000
2023-02-07 00:00:00-05:00,81.39733763119494,84.26914544457358,80.42053052879955,83.9370346069336,2032900
2023-02-08 00:00:00-05:00,82.78439797344312,83.02859973737658,82.18854507324976,82.38390350341797,2005900
2023-02-09 00:00:00-05:00,82.96022508598497,83.47793164277026,81.9834180120666,82.46205139160156,1975000
2023-02-10 00:00:00-05:00,82.25692622261954,84.98221896652944,82.2178530437436,84.79662322998047,1350300
2023-02-13 00:00:00-05:00,84.87476369180843,85.2752581581308,83.94679997841932,84.38636016845703,1173500
2023-02-14 00:00:00-05:00,83.92727346607444,85.57026241376595,83.1751351954995,84.06402587890625,2383100
2023-02-15 00:00:00-05:00,82.54020915238148,84.47917205825156,82.40345673933074,84.01519012451172,2030600
2023-02-16 00:00:00-05:00,83.02859619759802,85.88087089015198,82.95533865251976,83.64398193359375,3037600
2023-02-17 00:00:00-05:00,83.22395362378505,84.04447538107576,80.00049498732167,82.58903503417969,3570700
2023-02-21 00:00:00-05:00,79.71723553549906,81.0847670947917,78.04689613146891,78.50599670410156,5056000
2023-02-22 00:00:00-05:00,77.47056346522488,77.47056346522488,74.62805887216352,75.99559020996094,3341000
2023-02-23 00:00:00-05:00,76.190954053749,77.602440019852,76.190954053749,77.38265991210938,1584900
2023-02-24 00:00:00-05:00,76.19845683545628,77.84535539725945,75.95338268923003,77.7081069946289,1529100
2023-02-27 00:00:00-05:00,77.85517390256435,78.52177605861877,76.45825538108002,76.82586669921875,1326200
2023-02-28 00:00:00-05:00,76.27688572140671,76.45333943093642,72.93407778079506,73.41442108154297,3584800
2023-03-01 00:00:00-05:00,72.66938907905562,73.90456497101144,71.39500790208407,72.88505554199219,2594400
2023-03-02 00:00:00-05:00,72.6693896830476,75.2181670163149,72.54195380801227,74.67900085449219,1949900
2023-03-03 00:00:00-05:00,74.72803458830921,77.63951004475334,74.50256301471,77.4238510131836,2304600
2023-03-06 00:00:00-05:00,76.81605017544612,77.32580116975093,75.82594841217816,77.24738311767578,2295000
2023-03-07 00:00:00-05:00,77.51206536083511,77.51206536083511,75.79654601209354,76.36511993408203,2203900
2023-03-08 00:00:00-05:00,76.21806653238593,76.90427121371829,75.58087219739441,76.5317611694336,1261600
2023-03-09 00:00:00-05:00,76.50234631153724,78.609985462915,75.87495709611355,77.09052276611328,3110500
2023-03-10 00:00:00-05:00,77.62970455670572,78.20807606810801,75.7181213444414,76.02201843261719,2895700
2023-03-13 00:00:00-04:00,75.41423055607552,77.05623063181054,74.98289758545529,75.58087921142578,2242400
2023-03-14 00:00:00-04:00,75.97298814492149,77.54146124306722,75.64948846494059,76.39451599121094,2142800
2023-03-15 00:00:00-04:00,75.7671303144322,76.34550175819571,74.84564905385164,75.80634307861328,1957000
2023-03-16 00:00:00-04:00,75.11034680899436,77.48266337426259,74.53196778246206,76.88468170166016,1962900
2023-03-17 00:00:00-04:00,76.18865629344371,76.91407371515113,74.4878410194499,75.25736999511719,3896500
2023-03-20 00:00:00-04:00,75.5416645323011,76.88467376107688,75.39462600428273,75.48284912109375,1629500
2023-03-21 00:00:00-04:00,76.05141814946013,76.57097419266294,74.47313989799301,75.01229858398438,2045700
2023-03-22 00:00:00-04:00,74.76722942768671,74.8260523181369,72.93407930169779,72.95368194580078,1863400
2023-03-23 00:00:00-04:00,73.1987469167834,73.64968246508866,71.33618184051755,71.95377349853516,1655400
2023-03-24 00:00:00-04:00,71.13031520724508,72.07139899686435,69.75790602180183,71.99298095703125,2777200
2023-03-27 00:00:00-04:00,71.99298906674534,73.93887853417203,71.99298906674534,73.78692626953125,3225500
2023-03-28 00:00:00-04:00,73.59087620720304,75.29659044610011,73.37912876006448,74.02220916748047,1752200
2023-03-29 00:00:00-04:00,74.78683581872056,75.05151263579087,73.93888127100854,74.3849105834961,2299500
2023-03-30 00:00:00-04:00,75.17895298209758,75.91417547449028,74.50254589579392,75.30638885498047,1737800
2023-03-31 00:00:00-04:00,75.3063940509255,77.05132102328174,75.21817093570479,76.95329284667969,2984400
2023-04-03 00:00:00-04:00,76.46314306548105,77.00230924539142,74.97309536320108,75.11033630371094,1894900
2023-04-04 00:00:00-04:00,75.15935014603764,75.45344216312965,73.63989466858409,74.52215576171875,1316200
2023-04-05 00:00:00-04:00,74.38491201389571,75.60048532497147,74.18885566259725,74.9926986694336,1204800
2023-04-06 00:00:00-04:00,75.10052408523252,75.46323652433843,74.6593936012161,75.4436264038086,1223000
2023-04-10 00:00:00-04:00,75.02210275313153,75.84555584279437,74.36530578100584,75.80634307861328,1485500
2023-04-11 00:00:00-04:00,76.22787416706655,76.27688451506216,75.65440148993227,75.89456939697266,1371500
2023-04-12 00:00:00-04:00,76.39452004957104,76.41412269224624,75.14954656526861,75.29658508300781,1171100
2023-04-13 00:00:00-04:00,75.17896373242863,76.06122486620418,74.66920520986348,75.6200942993164,1324700
2023-04-14 00:00:00-04:00,74.81625427405673,75.12505017090467,74.0124111671656,74.92408752441406,1328400
2023-04-17 00:00:00-04:00,75.0711279450416,75.31129586549775,73.18895995406763,73.56147003173828,1093300
2023-04-18 00:00:00-04:00,73.85555289434998,74.45353450482621,72.70860750208726,73.01250457763672,1235200
2023-04-19 00:00:00-04:00,73.49283471499511,73.91436253733899,73.03503340675907,73.27716827392578,1039300
2023-04-20 00:00:00-04:00,73.26737828489752,75.06132316381401,73.21836793398099,74.96329498291016,1926900
2023-04-21 00:00:00-04:00,75.30640201140243,75.44854176064013,74.46334614118027,75.0417251586914,1178900
2023-04-24 00:00:00-04:00,74.92406473985727,75.8112319105859,74.11041681789162,75.76712036132812,1094300
2023-04-25 00:00:00-04:00,75.12992818638918,75.62007646917046,74.34568794231141,75.41421508789062,1722400
2023-04-26 00:00:00-04:00,75.00249734563097,75.45343289848485,73.97318289126531,74.36530303955078,3100600
2023-04-27 00:00:00-04:00,74.76723196573938,75.71812103703127,74.48295248170757,75.23777770996094,1865700
2023-04-28 00:00:00-04:00,75.38481353030633,75.94358231904549,74.79663703885508,75.87496185302734,2233400
2023-05-01 00:00:00-04:00,75.99259349755607,76.12003684946637,75.24757342377714,75.5318603515625,1788300
2023-05-02 00:00:00-04:00,75.21816213579628,75.87495906916773,74.45352449798743,75.2769775390625,2554000
2023-05-03 00:00:00-04:00,75.67891747350608,76.07103772820713,74.64961021887153,75.00251770019531,1607000
2023-05-04 00:00:00-04:00,75.46324078116548,78.78644588681975,73.4340269778981,77.04151153564453,3830400
2023-05-05 00:00:00-04:00,77.56108495123863,78.86487400177774,76.73763175603766,77.92378997802734,2359300
2023-05-08 00:00:00-04:00,78.16885353253167,78.2766867633997,76.54156496691675,77.15914916992188,2360100
2023-05-09 00:00:00-04:00,76.44353534980735,77.54146280103414,76.27687923675772,77.39441680908203,3158300
2023-05-10 00:00:00-04:00,78.27670218620987,78.54138652469835,77.19347835234039,77.88948822021484,1629400
2023-05-11 00:00:00-04:00,77.30609466918851,78.26037062298812,76.97160270850675,77.83734130859375,2497400
2023-05-12 00:00:00-04:00,78.16197938485023,79.08674281177355,77.58154787609402,78.55549621582031,1991000
2023-05-15 00:00:00-04:00,79.3228457140256,79.77538741871567,77.89635572110491,78.96868133544922,2048300
2023-05-16 00:00:00-04:00,78.88999466233757,78.88999466233757,77.0601476271065,77.71928405761719,3709100
2023-05-17 00:00:00-04:00,77.80781083052925,79.32284567010969,77.43397398922065,79.08673858642578,2329500
2023-05-18 00:00:00-04:00,78.96868247431927,80.14923292183582,78.27216018716847,80.08036804199219,2849300
2023-05-19 00:00:00-04:00,80.40502312039668,81.88562184775424,80.20826095193286,80.96578216552734,2444800
2023-05-22 00:00:00-04:00,81.3888160835796,82.59887158932347,80.97561925911394,82.17584228515625,1908300
2023-05-23 00:00:00-04:00,82.0085977768727,83.18914079920143,81.81675934810156,82.67757415771484,2232200
2023-05-24 00:00:00-04:00,82.67758047680186,83.00223245975388,81.21173781913825,81.95941162109375,2430300
2023-05-25 00:00:00-04:00,81.85118716482349,81.85118716482349,80.57226682188808,81.40848541259766,1863100
2023-05-26 00:00:00-04:00,81.60523540287903,82.58902368986111,80.97561149966722,82.49064636230469,2267100
2023-05-30 00:00:00-04:00,82.50048834575271,83.66627509224651,81.78724332155065,82.34307861328125,2198200
2023-05-31 00:00:00-04:00,82.17582856569454,83.17929675023856,81.11333548995678,82.65788269042969,5214700
2023-06-01 00:00:00-04:00,83.49903998427767,87.71654335347273,83.41541887142927,87.4391098022461,3646900
2023-06-02 00:00:00-04:00,87.22268002115736,87.6063568829517,85.85520728890704,86.12083435058594,3225600
2023-06-05 00:00:00-04:00,86.39628819427705,87.37023650954893,85.76666428281754,86.09131622314453,1819000
2023-06-06 00:00:00-04:00,85.72731777352719,88.43273578510002,85.72731777352719,88.09825134277344,2311500
2023-06-07 00:00:00-04:00,88.09825398391423,89.4066868480345,87.68505715269275,89.33782196044922,2452100
2023-06-08 00:00:00-04:00,90.00679907853545,90.96894852203148,89.58376976412563,90.80367279052734,3075700
2023-06-09 00:00:00-04:00,90.80364737321872,92.24980961907724,90.59704526095972,91.77759552001952,2530100
2023-06-12 00:00:00-04:00,91.49230712890623,92.4957678400663,91.37424983700738,92.23014831542967,1720700
2023-06-13 00:00:00-04:00,92.4367387890686,93.78453133121474,92.07273445136856,92.72203826904295,2429900
2023-06-14 00:00:00-04:00,92.99751196838784,93.45989369600792,91.26604236252628,91.68907165527344,2573200
2023-06-15 00:00:00-04:00,92.2006341484205,92.23014659441736,91.45295299176335,91.9448471069336,3712300
2023-06-16 00:00:00-04:00,92.07273535648535,92.98765869584268,91.23651687562746,91.38408660888672,4963400
2023-06-20 00:00:00-04:00,91.620198132907,91.84647273566628,90.40030278969331,90.4986801147461,1846900
2023-06-21 00:00:00-04:00,89.40668140965043,89.55917490675829,87.73916047782178,89.03284454345703,2684900
2023-06-22 00:00:00-04:00,89.03285136075914,89.21484981530479,86.44056679136368,87.80311584472656,3205600
2023-06-23 00:00:00-04:00,88.186782309497,89.22959550209839,87.67521569776115,88.89511108398438,2875900
2023-06-26 00:00:00-04:00,88.78690680782267,89.72150282456832,88.23598768264293,89.1607437133789,1890400
2023-06-27 00:00:00-04:00,89.49521640820743,89.53948507714988,88.52126816293078,89.37715911865234,1472800
2023-06-28 00:00:00-04:00,89.42637096266941,89.42637096266941,88.25566031376606,89.08204650878906,1605400
2023-06-29 00:00:00-04:00,89.04267097908495,89.86413321521027,88.67866664754517,89.39683532714844,1738700
2023-06-30 00:00:00-04:00,90.55771291979606,90.79382000212158,89.56408466918415,90.0658187866211,2667100
2023-07-03 00:00:00-04:00,89.53457400718558,90.25273525274233,88.86559767250168,90.11500549316406,1089100
2023-07-05 00:00:00-04:00,89.93792669959367,91.6989086986897,89.86906181720263,90.64625549316406,2087300
2023-07-06 00:00:00-04:00,89.98712386363596,89.98712386363596,88.3933839940544,89.52474212646484,2263300
2023-07-07 00:00:00-04:00,89.52474378082813,90.22323263931206,89.19025932988221,89.84939575195312,1334000
2023-07-10 00:00:00-04:00,89.89857685463927,92.11210064543116,89.89857685463927,92.08258819580078,1539300
2023-07-11 00:00:00-04:00,92.31868712977705,92.89912610874931,91.35457883384925,92.83026123046876,1260900
2023-07-12 00:00:00-04:00,93.40087026414152,94.60109327664156,92.55481166535328,94.5027084350586,1532600
2023-07-13 00:00:00-04:00,94.29610866869648,94.51254329931642,93.34183280044088,93.72550964355467,1462400
2023-07-14 00:00:00-04:00,93.35169019624468,93.9862379821581,93.16378473126464,93.45990753173828,1259900
2023-07-17 00:00:00-04:00,92.93848847474558,95.3487669779226,92.93848847474558,94.62076568603516,1951400
2023-07-18 00:00:00-04:00,94.44368227832578,95.0831462115605,92.36788824445998,93.82389831542967,1925300
2023-07-19 00:00:00-04:00,93.29265223747316,93.99114107431448,92.40724120988928,93.19427490234376,1785300
2023-07-20 00:00:00-04:00,93.9517792970248,95.74227363889682,93.69599224655484,95.31924438476562,1600300
2023-07-21 00:00:00-04:00,95.99805896101596,96.55881796167915,94.74864368390284,95.03394317626952,5081100
2023-07-24 00:00:00-04:00,95.0339490110746,95.24054365498128,94.20757043544788,94.9847640991211,1077800
2023-07-25 00:00:00-04:00,94.39450116176783,96.56868029626206,94.34531624145046,95.93904876708984,854800
2023-07-26 00:00:00-04:00,95.10281886207824,96.6473662854623,95.10281886207824,95.76195526123048,1243000
2023-07-27 00:00:00-04:00,96.14564127406231,96.16531373906705,93.65665037837272,93.87308502197266,897900
2023-07-28 00:00:00-04:00,94.6994708856681,95.09298773600624,93.71568251267756,94.18789672851562,1135900
2023-07-31 00:00:00-04:00,94.28627904291687,95.12250520867865,93.8534172398288,95.0831527709961,1170200
2023-08-01 00:00:00-04:00,94.67977528170796,95.51599375953356,94.51253308728452,94.73880767822266,1469600
2023-08-02 00:00:00-04:00,94.43383065297624,94.46826684396942,92.89912340695284,94.00096893310548,2040300
2023-08-03 00:00:00-04:00,94.41417433415974,101.89489769549756,94.20757967000192,99.50035858154295,3511000
2023-08-04 00:00:00-04:00,100.26770252164988,103.00755656139586,100.13981274370131,102.25495910644533,2723600
2023-08-07 00:00:00-04:00,102.88459274375316,102.9534576315719,101.10885438031,102.06804656982422,1759800
2023-08-08 00:00:00-04:00,101.29084814663416,103.22891240721374,101.29084814663416,103.11085510253906,1207300
2023-08-09 00:00:00-04:00,102.92395161450952,104.18319964517626,102.61700559125109,103.406005859375,1646700
2023-08-10 00:00:00-04:00,104.25204295084764,105.117773916245,103.40598444810784,104.00609588623048,1563700
2023-08-11 00:00:00-04:00,104.00807658750377,105.267734735872,103.56418328807428,105.11286163330078,1414100
2023-08-14 00:00:00-04:00,105.01421521583444,106.13873280253355,104.27735825078716,105.54688262939452,2404000
2023-08-15 00:00:00-04:00,104.94517513074588,105.13752664161318,104.18563538997816,104.79721069335938,1709600
2023-08-16 00:00:00-04:00,104.95503974758816,105.00435620873556,103.57405089713625,103.67269134521484,1835200
2023-08-17 00:00:00-04:00,104.04754016619007,104.70350256140364,103.14989473984036,103.39649963378906,1800600
2023-08-18 00:00:00-04:00,103.11043700727993,104.10672288560365,103.09071192711792,103.34717559814452,1669000
2023-08-21 00:00:00-04:00,103.17948776904048,105.01028530041158,102.86383380078176,104.66898345947266,1377000
2023-08-22 00:00:00-04:00,104.22509010074458,105.0980659574236,104.0771256675805,104.8169403076172,1276900
2023-08-23 00:00:00-04:00,105.4975604872982,107.7761946060416,105.4975604872982,106.9673309326172,1393500
2023-08-24 00:00:00-04:00,107.42110127683166,108.75276629776988,105.3890716824418,105.46798706054688,1498700
2023-08-25 00:00:00-04:00,105.36933893519182,105.98092178233648,104.13631446369511,104.43224334716795,1383800
2023-08-28 00:00:00-04:00,104.86133340428334,105.89214005576788,103.80093536962266,103.93903350830078,1088000
2023-08-29 00:00:00-04:00,103.80093231915713,104.72816157649191,103.37677161260112,104.10671997070312,1131500
2023-08-30 00:00:00-04:00,103.90943913083458,104.82483792269588,103.66283422590008,104.30400848388672,1167400
2023-08-31 00:00:00-04:00,104.51114482311728,104.64924295344422,102.36074997487611,102.7454605102539,2035500
2023-09-01 00:00:00-04:00,104.19549434160731,105.95132746200277,103.77133363413952,105.83295440673828,1338800
2023-09-05 00:00:00-04:00,105.10300438382032,105.28056020101526,103.72300140840228,104.60979461669922,1433200
2023-09-06 00:00:00-04:00,104.88599243843058,106.326164076699,104.55060587840428,105.19178009033205,1337800
2023-09-07 00:00:00-04:00,106.39521340797393,109.44818312345012,105.72444781204156,107.06597900390624,1951100
2023-09-08 00:00:00-04:00,106.76019894379768,108.17077930354112,106.76019894379768,107.16462707519533,1428100
2023-09-11 00:00:00-04:00,107.32245191685382,108.89776408601402,107.17448747662364,108.4864273071289,1820700
2023-09-12 00:00:00-04:00,108.05239699706908,108.59986014119112,106.68127444256226,107.02651977539062,1557100
2023-09-13 00:00:00-04:00,107.30271306599876,108.59492021551472,107.03638310971223,107.78605651855467,1894600
2023-09-14 00:00:00-04:00,108.269409541517,111.0905699947285,108.03760035028648,110.9327392578125,2308300
2023-09-15 00:00:00-04:00,110.93272796121728,111.14974143948578,108.3088561963471,108.43708801269533,4287700
2023-09-18 00:00:00-04:00,108.93031919787904,110.72560260953682,108.91059411677708,109.2361068725586,1358500
2023-09-19 00:00:00-04:00,109.58133693103645,109.86739948466236,108.80207216089757,109.03881072998048,1972100
2023-09-20 00:00:00-04:00,109.42352281883,109.6701277104684,108.41737817229024,108.63438415527344,924500
2023-09-21 00:00:00-04:00,108.1411652917306,109.1374510775144,108.02279977018472,108.44696044921876,1443800
2023-09-22 00:00:00-04:00,107.97348038214508,109.23609617094044,107.13995467878682,108.86125946044922,1210500
2023-09-25 00:00:00-04:00,108.22995928087076,111.3864989778628,108.00801637692018,110.68614196777344,2115200
2023-09-26 00:00:00-04:00,110.143610664162,110.19785651470808,106.46426242801714,107.01665496826172,2309700
2023-09-27 00:00:00-04:00,107.50001979083754,109.77864683815278,107.50001979083754,109.24597930908205,2819500
2023-09-28 00:00:00-04:00,109.26568583367798,109.47284055350988,107.3569664896888,107.83538055419922,1550700
2023-09-29 00:00:00-04:00,108.54561764814606,109.2065169980754,107.16462865259408,107.5986557006836,2867500
2023-10-02 00:00:00-04:00,106.82924153294874,106.82924153294874,101.36447625852136,103.30772399902344,2892500
2023-10-03 00:00:00-04:00,101.80835300756534,103.49512940499676,101.01428502997088,103.46553802490234,2557000
2023-10-04 00:00:00-04:00,103.21893798073852,105.1523193370318,102.8095729768048,104.71829986572266,1973900
2023-10-05 00:00:00-04:00,105.527160727441,107.02651504623712,105.1621828055589,106.41493225097656,1589200
2023-10-06 00:00:00-04:00,105.10300931867415,109.07827902419388,103.70228779468712,108.67384338378906,2095800
2023-10-09 00:00:00-04:00,108.67384197849576,109.97295787382824,108.4765610752491,109.8674087524414,1258400
2023-10-10 00:00:00-04:00,109.45310406333124,111.94874413142163,109.45310406333124,111.46540069580078,1464400
2023-10-11 00:00:00-04:00,112.36305852551888,113.6138363315086,111.77120075396635,113.5073013305664,1353300
2023-10-12 00:00:00-04:00,113.34947819090708,114.582502672877,112.9055848619274,114.14847564697266,1299700
2023-10-13 00:00:00-04:00,115.18422405896764,115.79580697694765,111.45555882942207,112.14605712890624,1699400
2023-10-16 00:00:00-04:00,113.2113786297352,115.52947080146106,113.05355540094077,115.243408203125,1701700
2023-10-17 00:00:00-04:00,114.47398395864415,116.38763263723176,114.13859742117448,115.55904388427734,1214600
2023-10-18 00:00:00-04:00,115.73660408125552,117.0337406324494,114.23724219650128,114.49371337890624,1050700
2023-10-19 00:00:00-04:00,114.42467643497068,115.02639300794146,112.56034394684296,112.73789978027344,981000
2023-10-20 00:00:00-04:00,112.560334474853,113.231100064058,110.40007327086636,110.57762908935548,1654400
2023-10-23 00:00:00-04:00,110.3113052430838,111.4950057481441,108.8997390418254,110.5875015258789,950800
2023-10-24 00:00:00-04:00,111.7218841754846,113.73418102965816,111.7218841754846,112.7181625366211,1930900
2023-10-25 00:00:00-04:00,112.6787106352914,112.7181607953464,110.1534714220802,110.50858306884766,1575000
2023-10-26 00:00:00-04:00,110.47899330979538,111.49500427628678,109.63067186624671,111.18921661376952,1652700
2023-10-27 00:00:00-04:00,111.46540333313224,111.82051495466332,108.40059572358844,109.27555084228516,1128700
2023-10-30 00:00:00-04:00,110.34088610592944,111.69228353307578,109.99070387134246,111.4949951171875,1271600
2023-10-31 00:00:00-04:00,111.58377828670608,111.96848129563344,109.6602557162856,111.38648986816406,1942000
2023-11-01 00:00:00-04:00,112.04739246958916,113.8130843576882,111.29771903418494,113.290283203125,2751300
2023-11-02 00:00:00-04:00,113.34946786665505,116.2988600516669,112.82665921226024,115.59850311279295,1894600
2023-11-03 00:00:00-04:00,117.0386854388328,117.05841051921698,115.26312717288812,115.48014068603516,1853200
2023-11-06 00:00:00-05:00,117.37405646631932,123.91796620487207,116.45668601255755,123.0361099243164,2530800
2023-11-07 00:00:00-05:00,122.75005605587094,123.27680074481326,117.04855203592663,118.24211883544922,2271500
2023-11-08 00:00:00-05:00,118.78462849713996,119.83023823285494,117.34938638957895,119.53430938720705,1730200
2023-11-09 00:00:00-05:00,119.9387526615722,122.6662097135728,118.8832840160362,118.99179077148438,1603200
2023-11-10 00:00:00-05:00,119.80066376131936,121.05835032315667,119.72767117550666,120.11631774902344,1219700
2023-11-13 00:00:00-05:00,119.73159192316449,120.57596975448642,119.26798109638572,120.06697845458984,891600
2023-11-14 00:00:00-05:00,122.36534603548672,124.98921807892688,121.70443922901586,124.80179595947266,1433300
2023-11-15 00:00:00-05:00,124.86099033407773,125.51202333351888,120.03739926366944,120.33332061767578,1982200
2023-11-16 00:00:00-05:00,121.61072542268302,122.43135245338802,120.13755695852642,120.29574584960938,1474500
2023-11-17 00:00:00-05:00,120.8197630513984,122.12485351244096,120.2265414860557,120.3155288696289,1487900
2023-11-20 00:00:00-05:00,121.06692753151152,121.46241105093164,120.10788999168514,120.89884948730467,1041600
2023-11-21 00:00:00-05:00,121.51185321952234,121.78868942903534,120.4737098906276,121.12625885009766,984700
2023-11-22 00:00:00-05:00,121.5118648612052,122.44124257600816,120.59730957702376,121.85791015625,1376700
2023-11-24 00:00:00-05:00,121.67993586291922,122.89604645001586,121.66016508001658,122.46101379394533,532500
2023-11-27 00:00:00-05:00,122.530236071368,123.9638555979828,121.97656357169144,123.68701934814452,1073200
2023-11-28 00:00:00-05:00,123.56836972246133,125.07119819199592,122.36214826420805,123.04434967041016,2003000
2023-11-29 00:00:00-05:00,122.15451090553044,122.54010526829222,118.40731789272404,119.21805572509766,2078800
2023-11-30 00:00:00-05:00,119.22793739705077,120.4835970246262,119.15378753618722,119.67285919189452,2650000
2023-12-01 00:00:00-05:00,119.25761002333346,119.57399534868544,118.29856488432937,118.52596282958984,1454900
2023-12-04 00:00:00-05:00,117.65590333071964,118.19969413651138,116.71663653150232,117.5768051147461,1946900
2023-12-05 00:00:00-05:00,117.3642289177393,117.59657519636,114.5760811175114,116.97368621826172,1805900
2023-12-06 00:00:00-05:00,117.99205922384422,118.31833370673876,110.95248396558743,111.35784912109376,2629800
2023-12-07 00:00:00-05:00,111.98073078313618,112.15869798545468,108.21375959126485,109.28156280517578,3497000
2023-12-08 00:00:00-05:00,108.7476741146674,110.3493791257755,108.41151799437267,109.95389556884766,2627300
2023-12-11 00:00:00-05:00,110.2900474293628,114.98639625013692,109.41998218858974,114.8380889892578,2582900
2023-12-12 00:00:00-05:00,114.8479815352844,115.08526863374978,112.56406775418463,113.19683837890624,1846200
2023-12-13 00:00:00-05:00,113.2957079859135,115.4313145132865,112.247683047418,115.11492919921876,1731100
2023-12-14 00:00:00-05:00,115.3225657638608,116.47934895562896,114.06691356773342,114.2943115234375,2456400
2023-12-15 00:00:00-05:00,114.36350863113609,119.50477929604877,114.30418874336308,117.40872192382812,6046800
2023-12-18 00:00:00-05:00,118.21946034239508,120.16721046182126,117.56691894392712,118.01183319091795,2019800
2023-12-19 00:00:00-05:00,118.41720327736203,119.68275210714162,117.9080207682111,119.4454574584961,1012700
2023-12-20 00:00:00-05:00,118.47652525620416,118.76819142894496,115.67848821799424,115.6883773803711,1324300
2023-12-21 00:00:00-05:00,116.16294841942155,117.09233353390437,115.4906287172209,116.97368621826172,904600
2023-12-22 00:00:00-05:00,113.7010921286586,116.6474367915318,112.7321577636751,114.0273666381836,1188400
2023-12-26 00:00:00-05:00,114.28441839177998,116.50900485711594,114.28441839177998,116.24205780029295,740700
2023-12-27 00:00:00-05:00,115.95532427038968,116.42990600200147,115.55984075124996,116.09374237060548,541300
2023-12-28 00:00:00-05:00,117.36918097759764,117.43839003255144,115.62905789747532,115.7872543334961,559700
2023-12-29 00:00:00-05:00,115.41155139947637,115.94544552357164,114.6205842901432,115.56974029541016,849900
2024-01-02 00:00:00-05:00,115.0852774722848,115.90590453222686,113.6714288490095,113.9482650756836,1362800
2024-01-03 00:00:00-05:00,114.19542814536037,115.84261104674376,114.19542814536037,114.54147338867188,1372400
2024-01-04 00:00:00-05:00,114.89740455837531,115.7862523851226,113.70107244049224,114.0570068359375,1348900
2024-01-05 00:00:00-05:00,113.80984420414867,116.33302154020822,113.80984420414867,114.92707824707033,1729900
2024-01-08 00:00:00-05:00,114.87765171018988,115.8366968952228,113.7307501362309,115.70816040039062,1351700
2024-01-09 00:00:00-05:00,115.12482464186162,115.60928803037572,113.8691649364691,115.17425537109376,1514000
2024-01-10 00:00:00-05:00,114.70955142924882,115.11492410228558,113.66646734662515,114.54147338867188,1090500
2024-01-11 00:00:00-05:00,113.70109477855094,113.9878201836139,110.2208558921729,111.63470458984376,1609300
2024-01-12 00:00:00-05:00,112.65306971007529,113.127643968425,111.4666189777573,111.63470458984376,1556900
2024-01-16 00:00:00-05:00,111.10079914766968,111.56054341640387,110.04288495102392,110.547119140625,1417000
2024-01-17 00:00:00-05:00,109.97366716810684,110.73496674546466,108.20388420511333,110.65586853027344,1484500
2024-01-18 00:00:00-05:00,110.11209273542724,110.63610524594496,109.00474027736728,110.15164184570312,1614900
2024-01-19 00:00:00-05:00,110.19117993886364,113.31549166316697,110.19117993886364,113.15729522705078,1684200
2024-01-22 00:00:00-05:00,113.1671920875129,116.0492685437542,113.03866313184216,115.8861312866211,1876700
2024-01-23 00:00:00-05:00,116.4002550176809,119.19828472445914,115.83669341107512,117.3494110107422,1929400
2024-01-24 00:00:00-05:00,117.79432568478342,118.17003090937423,114.0372432659898,114.36351776123048,1514600
2024-01-25 00:00:00-05:00,116.5683377627288,119.22794946559836,115.71805073706145,119.18840789794922,1425800
2024-01-26 00:00:00-05:00,118.71381030067,121.02738394755224,118.71381030067,119.90025329589844,1558800
2024-01-29 00:00:00-05:00,119.7222944088324,120.3669305428333,118.64955030318325,119.64320373535156,1801500
2024-01-30 00:00:00-05:00,119.95958133044348,120.92850802134474,119.33669234307202,120.50336456298828,1285500
2024-01-31 00:00:00-05:00,121.39320564398076,122.7773942318826,119.9941870836874,120.62201690673828,1666100
2024-02-01 00:00:00-05:00,120.62202371861228,126.2576398422753,120.62202371861228,126.1884307861328,1937400
2024-02-02 00:00:00-05:00,125.57544095784075,131.56699918860275,125.00199017076868,128.2449493408203,3781700
2024-02-05 00:00:00-05:00,126.4553756823116,126.96949898229606,124.42852734011304,125.59519958496094,1878000
2024-02-06 00:00:00-05:00,126.31695905683117,130.00976547170606,125.75339748114536,129.53024291992188,2656900
2024-02-07 00:00:00-05:00,130.46953908109967,132.28875294819227,129.3325190993342,131.00343322753906,2087600
2024-02-08 00:00:00-05:00,131.0528469219319,132.45680617036396,128.69972426331617,129.24351501464844,1228700
2024-02-09 00:00:00-05:00,128.5514445571659,131.01331066271825,128.53166623046485,130.67715454101562,1245300
2024-02-12 00:00:00-05:00,130.33109783947202,130.69691385478816,126.51468846605904,127.0584716796875,1206900
2024-02-13 00:00:00-05:00,126.46527099609376,127.35509953768609,125.29859869449852,126.46527099609376,1503700
2024-02-14 00:00:00-05:00,126.85087398499618,127.97304890109676,126.2477632389796,127.21669006347656,1372300
2024-02-15 00:00:00-05:00,128.45256881403273,130.13336451950806,127.37488384194806,130.0147247314453,1348900
2024-02-16 00:00:00-05:00,129.77743507344874,131.16163136214558,129.01614295543126,129.67857360839844,1295700
2024-02-20 00:00:00-05:00,129.52037320357573,130.56839823704095,127.92855732639468,130.31134033203125,2121200
2024-02-21 00:00:00-05:00,130.7957947387399,131.08350829304857,128.67008474822023,129.9158477783203,983400
2024-02-22 00:00:00-05:00,130.9045535624965,132.54580770387076,130.16302471281517,131.8833770751953,1529900
2024-02-23 00:00:00-05:00,131.98224050027662,132.63477435741902,129.8664123296838,132.47659301757812,2052200
2024-02-26 00:00:00-05:00,133.1588025867158,133.67293348979334,131.42856857127651,131.71530151367188,1494700
2024-02-27 00:00:00-05:00,133.47520255661138,154.90044251958452,133.47520255661138,154.00071716308594,4888300
2024-02-28 00:00:00-05:00,156.6899831716416,169.0487971699257,154.73235125851738,168.90049743652344,8227500
2024-02-29 00:00:00-05:00,169.24653935977383,169.37112320806528,161.5247545966221,166.54737854003906,4536900
2024-03-01 00:00:00-05:00,165.15328484127102,168.38635457755163,163.18577144795978,168.06997680664062,4557600
2024-03-04 00:00:00-05:00,171.00643733782593,175.03540752302158,167.70415090371338,174.00221252441406,3818200
2024-03-05 00:00:00-05:00,175.38638401227888,183.483880591524,173.43863390354835,174.7733917236328,4323800
2024-03-06 00:00:00-05:00,174.77342354952307,178.76778594511487,173.03329273103444,177.94715881347656,2073600
2024-03-07 00:00:00-05:00,180.0502626826256,180.3474600871625,174.56207975867403,177.9005584716797,1967800
2024-03-08 00:00:00-05:00,177.90057138173225,178.14823338413757,166.88457035189134,168.97483825683594,3196900
2024-03-11 00:00:00-04:00,168.7172710100866,169.36120132763344,164.84383341413115,166.3397216796875,2601700
2024-03-12 00:00:00-04:00,165.01227082469097,167.47897506218175,162.6644244128411,166.79542541503906,2617000
2024-03-13 00:00:00-04:00,169.63858708526757,169.7079245923091,164.88347315403337,166.29019165039062,1639000
2024-03-14 00:00:00-04:00,166.2802829447089,166.8152262461171,161.74311301523394,163.1002960205078,3012300
2024-03-15 00:00:00-04:00,162.6445964845421,166.8152316028317,161.14872330745408,163.97207641601562,4532000
2024-03-18 00:00:00-04:00,166.12177760935896,169.48007396873683,164.63580550138485,167.26101684570312,2006800
2024-03-19 00:00:00-04:00,167.4195393387522,172.3826811874158,166.68645425725117,170.7976531982422,1922200
2024-03-20 00:00:00-04:00,171.3028710014489,175.11687230776957,171.0363894386774,174.06678771972656,1969200
2024-03-21 00:00:00-04:00,175.80043189396957,176.14714968577644,170.7580211919098,172.50157165527344,2212100
2024-03-22 00:00:00-04:00,173.36341487990424,176.70189408929983,172.5857525052956,176.5731201171875,1608400
2024-03-25 00:00:00-04:00,178.31665875044644,187.2820271163953,177.86095397144882,185.50875854492188,3570600
2024-03-26 00:00:00-04:00,188.124071542048,196.97056709522803,182.7547605569816,183.6760711669922,4228700
2024-03-27 00:00:00-04:00,186.32108891909445,188.342004310202,180.6347636135014,183.16091918945312,2452100
2024-03-28 00:00:00-04:00,183.29960150171712,185.08277095675575,181.62046097211885,183.1212921142578,2050800
2024-04-01 00:00:00-04:00,184.29025808265348,187.0442584904796,181.68484883794784,184.24072265625,1977500
2024-04-02 00:00:00-04:00,182.95784595109612,186.6083818612556,182.3981273437198,186.37063598632807,1875500
2024-04-03 00:00:00-04:00,186.71734526459076,191.4031215509836,185.1224012564543,188.48069763183597,2555800
2024-04-04 00:00:00-04:00,191.63094795267224,193.67168037591068,181.24896133945043,181.3975524902344,3747800
2024-04-05 00:00:00-04:00,180.6149696093956,193.0277891454545,179.7233772459814,191.2743377685547,4331400
2024-04-08 00:00:00-04:00,193.0426455028626,195.7916879062224,186.3508128176521,190.1846160888672,1663500
2024-04-09 00:00:00-04:00,190.79882827238265,193.01787032075427,183.31943216606027,186.3409118652344,1958600
2024-04-10 00:00:00-04:00,181.78393046215007,192.01732738057157,180.79328233974056,189.2930450439453,3861900
2024-04-11 00:00:00-04:00,189.7784558543005,192.46310362827413,188.22313114647235,191.07620239257807,2267300
2024-04-12 00:00:00-04:00,190.16481411146296,191.442743497182,188.5698700810472,189.8775177001953,1801900
2024-04-15 00:00:00-04:00,192.2748874207595,194.1670289326073,183.05195596503512,183.6661529541016,2531500
2024-04-16 00:00:00-04:00,183.2996044852784,186.51425251782047,181.3975620743074,184.90444946289065,2982700
2024-04-17 00:00:00-04:00,186.1625904157404,187.27211145820635,180.92206858185344,183.6661529541016,3282900
2024-04-18 00:00:00-04:00,184.38933942995905,186.50734559443163,181.37776067986715,182.14056396484372,1654200
2024-04-19 00:00:00-04:00,181.58578576200944,184.22091313283423,175.98861535861795,179.20822143554688,3442500
2024-04-22 00:00:00-04:00,179.9016858124087,182.1306438491567,176.54338964168525,181.50653076171875,2327500
2024-04-23 00:00:00-04:00,182.2495293597064,187.97547408024155,182.2495293597064,186.489501953125,2387300
2024-04-24 00:00:00-04:00,184.98372898065463,192.55228041236583,181.9295680421133,184.4190673828125,2266400
2024-04-25 00:00:00-04:00,183.8642740615828,188.74717887924035,183.6710904466848,186.2517242431641,2908900
2024-04-26 00:00:00-04:00,185.1669883374239,187.60894746306383,183.8940169801872,186.6083831787109,1826600
2024-04-29 00:00:00-04:00,186.66782110494557,188.63921633837305,184.39924352344087,186.8461456298828,2205500
2024-04-30 00:00:00-04:00,186.84612398517183,187.62872927126784,183.97325076855927,184.2010955810547,2173200
2024-05-01 00:00:00-04:00,184.50819723804008,186.44491596794597,182.19998549356097,182.83399963378903,2717000
2024-05-02 00:00:00-04:00,183.2699005170843,185.4295061431297,181.8829992082561,184.43885803222656,3071000
2024-05-03 00:00:00-04:00,187.55942125561404,195.4251702033545,186.2418573656389,193.03770446777344,3480200
2024-05-06 00:00:00-04:00,195.9006706843772,197.0498261605013,192.3046130806829,195.85113525390625,2708000
2024-05-07 00:00:00-04:00,196.84176595706947,203.1621053996245,195.5044001494038,198.6843719482422,2797300
2024-05-08 00:00:00-04:00,196.683257111468,206.3222735174137,196.25728570587395,206.05479431152344,3992100
2024-05-09 00:00:00-04:00,203.5088209525485,213.9304426350415,201.10155345508983,213.8908233642578,4313500
2024-05-10 00:00:00-04:00,218.45771712218897,218.45771712218897,209.8787011887557,212.91998291015625,2744700
2024-05-13 00:00:00-04:00,214.9706275270874,216.6299660392817,210.6018659849657,211.59251403808597,1919300
2024-05-14 00:00:00-04:00,212.5633524315412,215.8721131830769,208.79888694074583,215.7037048339844,1951000
2024-05-15 00:00:00-04:00,218.08126607643612,222.6184360624363,217.70481497173577,221.22161865234372,2682200
2024-05-16 00:00:00-04:00,221.63769171851996,222.69769242468607,214.2177472397171,214.3168029785156,3539800
2024-05-17 00:00:00-04:00,214.33659503281916,215.67595604408012,207.94691866029947,211.1169891357422,3057300
2024-05-20 00:00:00-04:00,211.9491491977244,213.22709365883196,209.175331609334,213.0586853027344,2326200
2024-05-21 00:00:00-04:00,213.91064169697333,220.58761548008576,213.4846702602981,220.50836181640625,1881100
2024-05-22 00:00:00-04:00,220.02295465923555,222.306391332159,215.82260116648263,218.0515594482422,1573700
2024-05-23 00:00:00-04:00,221.6872135663757,225.91728486069172,218.6756502249712,219.0917205810547,2658300
2024-05-24 00:00:00-04:00,221.2216237357424,234.09014793506736,219.56724323057549,228.47317504882807,2672000
2024-05-28 00:00:00-04:00,230.56344692644564,232.5843624229497,219.7455713621329,229.1071929931641,2602200
2024-05-29 00:00:00-04:00,225.00261905482213,227.0861664393601,217.1744572391077,219.0099639892578,3809400
2024-05-30 00:00:00-04:00,220.58747683786456,223.5242691787988,218.275736538728,223.1968688964844,2037800
2024-05-31 00:00:00-04:00,222.3039264212715,222.72063285286856,206.36979915851555,215.54730224609372,5618300
2024-06-03 00:00:00-04:00,213.811023966176,215.49769722948477,202.45076609186856,206.6277618408203,4922600
2024-06-04 00:00:00-04:00,205.3677136173942,206.8658734860549,195.2972555368326,201.54788208007807,4666700
2024-06-05 00:00:00-04:00,202.88729908415704,211.1817775359796,202.84760410933464,207.6893615722656,4502200
2024-06-06 00:00:00-04:00,207.85804600592547,208.16561396199185,194.6722128990642,201.0121307373047,4842100
2024-06-07 00:00:00-04:00,200.49619052261045,202.4011406176018,195.97193215460624,196.4481658935547,4558700
2024-06-10 00:00:00-04:00,197.96619961067597,213.0867628742716,196.57916128084457,212.94786071777344,5719100
2024-06-11 00:00:00-04:00,209.50502824625173,217.83918683703928,208.80058623988677,216.59898376464844,3701900
2024-06-12 00:00:00-04:00,219.53579978897463,220.0318810371104,210.4872675283236,216.42041015625,3137900
2024-06-13 00:00:00-04:00,218.58331015042148,218.63292130149028,212.4418220723695,218.20628356933597,2238200
2024-06-14 00:00:00-04:00,217.0851563037647,217.1545998058301,209.306605998949,213.21571350097656,2373800
2024-06-17 00:00:00-04:00,212.1937831162997,213.03712727347377,207.0742362647798,210.35829162597656,3321100
2024-06-18 00:00:00-04:00,211.12225232694155,219.46634260958396,207.4760672402101,218.6825408935547,2714700
2024-06-20 00:00:00-04:00,222.0658172709691,225.98485610496667,217.57130723300224,220.5676422119141,3075100
2024-06-21 00:00:00-04:00,221.25223666854885,222.81985522936165,214.049142395729,216.42041015625,5511600
2024-06-24 00:00:00-04:00,216.29142902333163,219.11909825660965,213.6631884530116,214.4063262939453,2474100
2024-06-25 00:00:00-04:00,214.80317781083684,220.7164728774077,212.5013535808756,220.62716674804688,2221900
2024-06-26 00:00:00-04:00,218.84129454314288,220.45850915786085,205.8241119718164,208.6616973876953,4237000
2024-06-27 00:00:00-04:00,205.9629922768676,206.29040769080808,199.68260236771232,203.17501831054688,4733600
2024-06-28 00:00:00-04:00,203.6413431878884,205.6752792414778,197.87688176644923,198.70037841796875,10579100
2024-07-01 00:00:00-04:00,206.55832190313515,211.91599357067312,201.54789804154564,203.44293212890625,4168400
2024-07-02 00:00:00-04:00,201.8653972396278,210.14002919760756,201.5082181193237,204.5343017578125,1905300
2024-07-03 00:00:00-04:00,203.700880787526,210.76507295459305,200.42674150430503,208.423583984375,1612700
2024-07-05 00:00:00-04:00,208.35411975401925,211.09248273496084,206.43925344404727,209.63400268554688,1601600
2024-07-08 00:00:00-04:00,210.1697873356862,214.73372582044036,209.594331260374,214.03921508789065,1634400
2024-07-09 00:00:00-04:00,215.33893240640265,220.6271601041908,213.37445498598825,214.2674102783203,1773200
2024-07-10 00:00:00-04:00,216.46999655500616,218.23605964799063,212.0648079841473,217.8292694091797,2584300
2024-07-11 00:00:00-04:00,217.8391705659841,218.81446788485457,213.50342579329856,215.14048767089844,2438200
2024-07-12 00:00:00-04:00,214.5650635148508,219.4068215109204,210.6430572620811,215.43817138671875,1760700
2024-07-15 00:00:00-04:00,215.2992678677205,217.9284925025915,209.97929289454015,211.2115631103516,2164300
2024-07-16 00:00:00-04:00,212.4616649901237,213.3248414712004,202.4606657455477,203.2742462158203,4049600
2024-07-17 00:00:00-04:00,200.54580897341629,201.46851282241695,184.31403002941093,185.20697021484372,6748700
2024-07-18 00:00:00-04:00,188.8779578553435,191.3286002802668,176.6743720195006,185.8121795654297,5484900
2024-07-19 00:00:00-04:00,186.54639371049177,188.45134385520333,184.93908019839293,187.8163604736328,2827000
2024-07-22 00:00:00-04:00,190.73330940267587,195.2774151108836,187.1317549672682,188.9275665283203,1868800
2024-07-23 00:00:00-04:00,188.1834674921301,190.6559409064589,186.8242096543671,188.38189697265625,1856600
2024-07-24 00:00:00-04:00,186.81426737886235,186.81426737886235,173.33078285992462,173.7078094482422,4910100
2024-07-25 00:00:00-04:00,175.3151168722435,175.45401902154828,164.56999480359903,169.09425354003906,5542000
2024-07-26 00:00:00-04:00,175.1563651221611,175.6822251873328,170.09634533916062,173.66812133789062,3469300
2024-07-29 00:00:00-04:00,174.67021232191652,175.76158199570216,169.78679137095762,171.3266143798828,2100100
2024-07-30 00:00:00-04:00,172.1104404885917,173.6582116598682,164.45094431451142,167.36790466308594,3517100
2024-07-31 00:00:00-04:00,191.76516010553527,194.9599244553284,181.56573117213787,188.31243896484372,7483700
2024-08-01 00:00:00-04:00,186.8162651884976,192.74740934868024,175.23573248224957,176.1782989501953,4482100
2024-08-02 00:00:00-04:00,173.10258788270977,173.95584821509348,160.17272883518928,165.7705078125,6099200
2024-08-05 00:00:00-04:00,155.01547612589167,171.40598990285702,154.38049272459517,168.6378631591797,5430800
2024-08-06 00:00:00-04:00,172.27908261290733,182.38922013075745,167.0702298894738,179.62107849121094,6322100
2024-08-07 00:00:00-04:00,188.60017046082788,188.60017046082788,175.51354435344396,178.25192260742188,6154900
2024-08-08 00:00:00-04:00,181.81378992572365,186.1594668023256,175.03731779418922,185.5641632080078,3338800
2024-08-09 00:00:00-04:00,185.613770142199,188.61010525750032,181.6352037995736,188.38189697265625,3204000
2024-08-12 00:00:00-04:00,188.86199882233723,189.68702937412243,182.5997295121172,186.2079925537109,2232300
2024-08-13 00:00:00-04:00,188.20595519356047,189.7069208415364,185.94956215004,188.27554321289065,2349000
2024-08-14 00:00:00-04:00,187.82821620900805,188.75263862207424,181.11864585356963,185.0350341796875,2327900
2024-08-15 00:00:00-04:00,185.28355682944292,191.42654979535075,184.37901877385497,189.24966430664065,4241900
2024-08-16 00:00:00-04:00,190.07469583399785,190.2138567022883,184.71697965372027,188.8421173095703,2572300
2024-08-19 00:00:00-04:00,188.4743393560894,191.72475807324443,184.4485936300566,191.62535095214844,2025100
2024-08-20 00:00:00-04:00,191.8440406476473,192.3410459342992,188.5031786338022,189.57769775390625,2507000
2024-08-21 00:00:00-04:00,190.33311048729144,196.1480774963576,189.83610527856425,195.5616149902344,2404200
2024-08-22 00:00:00-04:00,194.39864547156213,197.61724293340015,193.54379581417115,193.7823486328125,1520300
2024-08-23 00:00:00-04:00,193.8419823266025,196.14809396911647,191.36690588641412,193.82211303710935,2683300
2024-08-26 00:00:00-04:00,194.3290490264448,196.8041405842821,191.9235454826244,193.7227020263672,1953400
2024-08-27 00:00:00-04:00,193.72271205421708,197.11229160990223,192.4106260384856,194.96522521972656,1703200
2024-08-28 00:00:00-04:00,196.0089504287029,196.26738772152297,191.25758102771684,192.60943603515625,2493200
2024-08-29 00:00:00-04:00,194.7366025460689,197.9174331428221,191.15815864509855,193.27540588378903,2463800
2024-08-30 00:00:00-04:00,194.0904882721138,196.62521812633247,193.98114650844485,195.52186584472656,2239400
2024-09-03 00:00:00-04:00,194.3290628950845,194.62726909413183,176.1187823040537,176.71519470214844,4252300
2024-09-04 00:00:00-04:00,176.61578675213235,181.6554275069579,174.94585631313043,176.45675659179688,3310400
2024-09-05 00:00:00-04:00,176.9040558410156,178.6733933770601,174.06118510882104,175.01544189453125,2444900
2024-09-06 00:00:00-04:00,174.7569913291095,175.58202190078916,170.91017537706085,172.0731658935547,3390300
2024-09-09 00:00:00-04:00,175.29375735200915,175.29375735200915,170.01554886813767,173.872314453125,2184400
2024-09-10 00:00:00-04:00,175.79076522155492,180.11967675708848,172.81866832859637,179.17039489746094,2301800
2024-09-11 00:00:00-04:00,180.4427225444247,187.02306711672,178.0720129924999,186.1284637451172,2846900
2024-09-12 00:00:00-04:00,185.8799607335017,190.531922523915,183.0867936968565,188.7924041748047,2154600
2024-09-13 00:00:00-04:00,190.30330138824516,196.6252085821552,188.04689337518295,194.80616760253903,2613600
2024-09-16 00:00:00-04:00,193.83205016553777,198.3349165790685,191.5358883057449,198.0565948486328,2264000
2024-09-17 00:00:00-04:00,198.8020906277912,203.4739367240651,197.062572334798,200.02471923828125,2881700
2024-09-18 00:00:00-04:00,200.75035355232035,203.72542301425568,197.2315481287389,199.13011169433597,1796000
2024-09-19 00:00:00-04:00,203.88148017133517,207.39033578044447,201.25729323939,207.2511749267578,3432600
2024-09-20 00:00:00-04:00,233.75150937412988,253.7112417399642,231.6044430856075,253.45278930664065,15031400
2024-09-23 00:00:00-04:00,258.0053747297548,270.2217728261088,250.59999920021912,255.5799865722656,10270000
2024-09-24 00:00:00-04:00,252.55820330917547,257.88610048380866,249.58411936423585,251.97174072265625,4562700
2024-09-25 00:00:00-04:00,252.916032136784,265.4902587998659,251.7232225792713,261.2855834960937,6246200
2024-09-26 00:00:00-04:00,262.2498141410687,268.5021495684507,252.97570820525567,255.2321014404297,4072200
2024-09-27 00:00:00-04:00,255.63962323490009,260.8283594638048,253.81064748263407,255.4607086181641,2598100
2024-09-30 00:00:00-04:00,256.2061926555705,259.5560030076266,249.7699689457613,258.46258544921875,2899300
2024-10-01 00:00:00-04:00,257.5481462996101,264.40681320681267,252.43893254584356,264.0191345214844,3179800
2024-10-02 00:00:00-04:00,263.3233411670212,268.10452953524015,260.0828570333362,263.79052734375,3233600
2024-10-03 00:00:00-04:00,270.51997327588475,277.835906918666,266.3948354359072,275.7087097167969,4274200
2024-10-04 00:00:00-04:00,276.2454402146044,284.28698089412705,273.9492785649351,283.8098449707031,3829200
2024-10-07 00:00:00-04:00,283.2930012903361,287.0235135908136,272.35888545106,276.8915710449219,3477000
2024-10-08 00:00:00-04:00,277.21960850948466,279.7145542872588,271.464279104403,277.71661376953125,2599100
2024-10-09 00:00:00-04:00,274.3965897602715,274.3965897602715,255.95770689278623,260.7090759277344,5235800
2024-10-10 00:00:00-04:00,259.49637847764257,266.15626095577056,257.4785383777884,260.7388916015625,2733500
2024-10-11 00:00:00-04:00,254.8543779794083,265.3014081709322,247.55832905800835,264.62548828125,4477700
2024-10-14 00:00:00-04:00,265.9673895550879,271.18594453861505,263.6215090645913,270.1123962402344,2229300
2024-10-15 00:00:00-04:00,268.1840407312657,268.1840407312657,260.76873034296887,264.555908203125,3000900
2024-10-16 00:00:00-04:00,266.61351644807723,278.561512585641,262.5380670418362,278.1241455078125,2469300
2024-10-17 00:00:00-04:00,283.2929855034759,283.2929855034759,268.9196025221993,269.5756530761719,3209900
2024-10-18 00:00:00-04:00,266.17615061223506,270.94738923925127,263.4128024265857,268.5419006347656,1708800
2024-10-21 00:00:00-04:00,271.4443850995184,272.4781645555601,266.40477471275284,272.08056640625,1650900
2024-10-22 00:00:00-04:00,268.7506204516088,269.7992942738102,264.2577038048032,264.40679931640625,2134100
2024-10-23 00:00:00-04:00,263.4127830403699,266.3212526730912,261.03708337979566,264.4564819335937,2633700
2024-10-24 00:00:00-04:00,266.1861053485748,266.1960248268493,260.9973688366944,262.9158020019531,1553700
2024-10-25 00:00:00-04:00,267.3888290961402,268.1243871716499,261.5142232999866,262.8263244628906,2016200
2024-10-28 00:00:00-04:00,265.29149361727434,269.5657269026049,263.4227489059891,265.3809509277344,1542500
2024-10-29 00:00:00-04:00,264.6851436449145,265.6294658570041,260.1325884048318,263.4128112792969,1829700
2024-10-30 00:00:00-04:00,265.28152625125284,266.3948131541511,259.8641569095367,260.2120666503906,1831000
2024-10-31 00:00:00-04:00,260.1722852865377,262.6076230211821,257.7966160868581,261.3849792480469,2290900
2024-11-01 00:00:00-04:00,261.15638098298274,263.1841404951369,255.28177548131825,256.5541076660156,2804500
2024-11-04 00:00:00-05:00,231.1074360918753,234.0874805964157,223.33426687501557,224.5966644287109,10719400
2024-11-05 00:00:00-05:00,228.97034564437396,235.44134912984097,225.64040409842917,232.3499755859375,6347400
2024-11-06 00:00:00-05:00,237.38959685666077,240.5505429924927,232.35989094438636,233.58253479003903,4790100
2024-11-07 00:00:00-05:00,241.0674430705518,246.86252640285315,236.96913647680847,240.14300537109372,4154900
2024-11-08 00:00:00-05:00,241.79306024687915,246.5146102414225,235.41151449539447,237.9362945556641,5162100
2024-11-11 00:00:00-05:00,240.54060775379503,242.4491061048037,232.88671472537712,235.848876953125,3382100
2024-11-12 00:00:00-05:00,234.02983648094505,234.56659548172664,224.33823402584787,227.3302001953125,4460000
2024-11-13 00:00:00-05:00,229.6164348687225,231.37583777238,224.25871866181487,224.60662841796875,2979500
2024-11-14 00:00:00-05:00,226.83319204232853,230.153183457163,223.7716378960644,224.03009033203125,2513200
2024-11-15 00:00:00-05:00,223.8538895839077,226.74103610770524,220.6780192930161,223.28640747070312,2717400
2024-11-18 00:00:00-05:00,224.9888386352924,231.01202414886103,220.2001348373425,229.25982666015625,3293200
2024-11-19 00:00:00-05:00,225.30242206380225,233.84939569968387,225.0983436178257,233.540771484375,2197500
2024-11-20 00:00:00-05:00,237.08499579737855,240.41019534286275,231.11157689072635,234.3770446777344,2567600
2024-11-21 00:00:00-05:00,236.25866129899373,251.0727444387812,233.07284105150967,250.7242889404297,3586400
2024-11-22 00:00:00-05:00,250.09710319039277,252.1081433054117,243.94447375358,248.78294372558597,2471600
2024-11-25 00:00:00-05:00,252.3769401581819,254.4775930093552,241.9234574297365,247.82717895507807,3459600
2024-11-26 00:00:00-05:00,248.44444302817405,265.9465616815038,248.09598752674748,265.54833984375,3881600
2024-11-27 00:00:00-05:00,263.82600722972376,264.8215770683265,249.7387000899712,252.26744079589844,2298200
2024-11-29 00:00:00-05:00,256.8371081052646,259.63365419594373,254.06941008360712,255.4233856201172,1185700
2024-12-02 00:00:00-05:00,255.8614614701517,257.2950845408863,248.404637532796,248.47433471679688,1908400
2024-12-03 00:00:00-05:00,250.35693329647444,253.05393159600973,245.48761001772215,246.4134826660156,1784600
2024-12-04 00:00:00-05:00,251.56058211527943,256.5185309002022,249.8880320609852,253.0738525390625,2701200
2024-12-05 00:00:00-05:00,252.5959792107971,258.6092295083918,251.9787307755992,254.9554748535156,2118200
2024-12-06 00:00:00-05:00,255.31390778495512,257.42451106859704,249.3106074348698,252.5063934326172,1329700
2024-12-09 00:00:00-05:00,252.6656604796121,252.87473682804236,235.28301975432564,238.7874298095703,3262400
2024-12-10 00:00:00-05:00,236.8261494155188,238.43896763394983,229.6879157564765,231.3106842041016,2771500
2024-12-11 00:00:00-05:00,233.72993944624616,238.3872090365929,231.09167021200773,235.5518341064453,2386700
2024-12-12 00:00:00-05:00,241.88365291285288,247.0307471180733,237.86154228706704,237.9611053466797,2822000
2024-12-13 00:00:00-05:00,240.9179415113545,242.34159903441392,235.45225783733812,238.0108795166016,2004800
2024-12-16 00:00:00-05:00,238.98654555162776,242.62036942796925,236.1969568872116,238.2398681640625,1974400
2024-12-17 00:00:00-05:00,236.60713281071128,237.0252703223188,227.8461151438001,233.2022857666016,2506500
2024-12-18 00:00:00-05:00,233.28193252167543,235.94010217519147,223.7742374983504,224.7598419189453,3173700
2024-12-19 00:00:00-05:00,227.84610990508665,232.7542618322108,223.98329413735135,224.1724548339844,3626800
2024-12-20 00:00:00-05:00,220.837306892127,230.67352647849825,218.66695676419508,226.01426696777344,4985400
2024-12-23 00:00:00-05:00,225.99434860651587,228.3438939838171,220.7178255347337,227.2686767578125,1935200
2024-12-24 00:00:00-05:00,228.22940417265465,229.09057755709424,226.14966946180567,228.77198791503903,978400
2024-12-26 00:00:00-05:00,227.5573932097318,229.2100275086936,226.31192835910645,227.6270751953125,920500
2024-12-27 00:00:00-05:00,227.16911082576823,227.16911082576823,221.75322384686623,225.536376953125,1466000
2024-12-30 00:00:00-05:00,222.52976903679928,227.9854873629561,221.26539111972485,225.3173675537109,1587100
2024-12-31 00:00:00-05:00,225.3472214072372,226.02420155273137,221.8925931223695,222.7189178466797,1885700
2025-01-02 00:00:00-05:00,225.37709476739755,242.64027134491437,224.14059270851345,241.52523803710935,4552500
2025-01-03 00:00:00-05:00,249.3902380080968,253.0529401986509,243.26748973826616,251.2818145751953,4576600
2025-01-06 00:00:00-05:00,256.73755109684765,266.6335175788671,250.3957609874016,263.10919189453125,4116000
2025-01-07 00:00:00-05:00,262.3326422816542,264.30388142317287,248.45439684003443,254.4975128173828,3112400
2025-01-08 00:00:00-05:00,254.37804877834503,254.85593324752205,227.0397090030455,242.7597503662109,8414200
2025-01-10 00:00:00-05:00,281.23850490085715,308.6266399985761,278.88897474118426,303.83795166015625,14707200
2025-01-13 00:00:00-05:00,296.17703059545084,299.12889138469507,277.6245777875442,278.0028991699219,6920600
2025-01-14 00:00:00-05:00,282.6373046870216,293.0957713056738,280.1533626576848,287.5902709960937,4852400
2025-01-15 00:00:00-05:00,295.7738407898486,303.7563251323534,291.72186424009675,299.4375305175781,4140700
2025-01-16 00:00:00-05:00,301.1299988870761,319.0900866019941,301.1299988870761,313.8434143066406,5269100
2025-01-17 00:00:00-05:00,318.7416492645931,318.7416492645931,309.66205702419165,314.9584655761719,2820000
2025-01-21 00:00:00-05:00,324.555768033225,328.8765374955117,316.91973398763145,322.20623779296875,4032300
2025-01-22 00:00:00-05:00,327.54250252217264,334.9575053156489,317.586803357365,330.99713134765625,4576600
2025-01-23 00:00:00-05:00,331.65418231584624,350.4405801460158,331.5247533767706,344.6861877441406,4853500
2025-01-24 00:00:00-05:00,346.2093810282625,348.449412968776,340.43508862344527,345.9007568359375,3226600
2025-01-27 00:00:00-05:00,291.16434877498244,301.3291387821768,269.24191169461744,273.7817077636719,16083200
2025-01-28 00:00:00-05:00,280.3026360023451,283.11014983930426,257.9421491175868,277.5648193359375,9989300
2025-01-29 00:00:00-05:00,277.7938494517233,292.88669177485514,274.83700583066155,290.5968933105469,6638500
2025-01-30 00:00:00-05:00,299.66653449470584,309.3136090822854,297.4663335624594,307.1830749511719,6023100
2025-01-31 00:00:00-05:00,310.6178009704219,310.6178009704219,296.62507367040087,298.65106201171875,4719900
2025-02-03 00:00:00-05:00,284.1356049715035,307.2826020172831,282.76171383405733,304.9529724121094,3723500
2025-02-04 00:00:00-05:00,296.9058010132982,305.7295432029772,292.1997525160092,304.972900390625,2996300
2025-02-05 00:00:00-05:00,309.15426826145625,316.9595313295688,301.5082999966575,312.43963623046875,3578600
2025-02-06 00:00:00-05:00,313.92807872189366,315.1774933768421,304.51494866753404,310.4186706542969,2480100
2025-02-07 00:00:00-05:00,313.0867967409885,318.1940442138476,307.93470487720543,308.4175720214844,2298000
2025-02-10 00:00:00-05:00,311.2450113239894,320.5734960849065,311.19026227326185,320.4042358398437,2729800
2025-02-11 00:00:00-05:00,315.90425168280626,317.7460618943859,308.06912219627515,312.1907653808594,2642900
2025-02-12 00:00:00-05:00,304.0768757021961,316.02371326212017,302.4441570345103,312.4097900390625,1766400
2025-02-13 00:00:00-05:00,314.95849774497367,316.3304142950474,303.73843524116523,310.1100769042969,2707200
2025-02-14 00:00:00-05:00,309.80638747154376,316.7803588197481,304.8633870334789,315.894287109375,2193000
2025-02-18 00:00:00-05:00,322.4053495271221,328.10997593439834,314.41590723646226,324.1575622558594,3253000
2025-02-19 00:00:00-05:00,322.37544594341057,328.42652194377035,316.72061692140375,320.2399597167969,3079100
2025-02-20 00:00:00-05:00,316.0834501524299,320.57347973064606,302.83241837427835,308.0492248535156,3860000
2025-02-21 00:00:00-05:00,308.62663174733626,309.0845853389921,276.53940680575533,283.17987060546875,6478000
2025-02-24 00:00:00-05:00,288.7252269116055,288.7252269116055,261.4864195459327,266.5339660644531,7221400
2025-02-25 00:00:00-05:00,263.60695708354416,266.8624592270772,247.45881452975232,263.1390380859375,5094600
2025-02-26 00:00:00-05:00,271.5416598696694,278.7097745013069,266.8624697097978,268.9432373046875,4724900
2025-02-27 00:00:00-05:00,275.1655500962128,279.35689042415646,247.6878024992675,248.63360595703125,5131000
2025-02-28 00:00:00-05:00,245.3283177516272,250.42464303561167,240.5396292595909,249.4350433349609,6029600
2025-03-03 00:00:00-05:00,248.2752100409582,248.6156901845032,228.2244341937148,231.2609100341797,5315000
2025-03-04 00:00:00-05:00,226.4921399943378,238.56840708906296,220.26982845603183,230.62374877929688,5525500
2025-03-05 00:00:00-05:00,229.6281562861641,232.50535225006664,222.43019126208205,228.30406188964844,3840200
2025-03-06 00:00:00-05:00,219.21450398049348,221.7930259670813,203.80308862372385,206.76988220214844,7710800
2025-03-07 00:00:00-05:00,207.56587011375635,215.58522692874263,202.57870375080807,211.9944610595703,4986200
2025-03-10 00:00:00-04:00,203.08737943022632,207.7055001295086,195.058038929828,201.69097900390625,7689500
2025-03-11 00:00:00-04:00,203.46640200756897,211.09675982698528,199.41183365307853,208.04461669921875,5051000
2025-03-12 00:00:00-04:00,218.856801882916,223.7542027929975,209.46098249451683,214.79725646972656,7320400
2025-03-13 00:00:00-04:00,216.2135969746172,216.2135969746172,203.1970907941597,209.331298828125,3654300
2025-03-14 00:00:00-04:00,213.2811494210513,216.94172754920493,208.49346687259248,215.90440368652344,3829900
2025-03-17 00:00:00-04:00,216.35324387977744,221.49501092264063,213.80978611924672,217.9790496826172,3547600
2025-03-18 00:00:00-04:00,217.3606525538692,217.57509705044248,208.71290808123103,210.30880737304688,2716500
2025-03-19 00:00:00-04:00,210.57810550454215,219.8043631824841,210.57810550454215,217.4903259277344,3091900
2025-03-20 00:00:00-04:00,216.50284366275756,221.8590549702435,213.4507005664332,218.87673950195312,2250500
2025-03-21 00:00:00-04:00,215.22114407014664,222.24807440403853,212.0044311105774,221.908935546875,3733500
2025-03-24 00:00:00-04:00,227.6541735753667,230.5566928056847,226.01838363175972,228.0331878662109,2773600
2025-03-25 00:00:00-04:00,228.72141348729636,230.2794006748944,221.43017894893728,226.2876739501953,2849900
2025-03-26 00:00:00-04:00,223.4250402233689,225.51965606331223,213.45070807053995,216.4130859375,4059000
2025-03-27 00:00:00-04:00,211.415950307968,216.99159831022803,206.987344411636,208.66302490234372,4178300
2025-03-28 00:00:00-04:00,209.36122656585545,214.8620701594773,203.36665839914195,204.86280822753903,5572000
2025-03-31 00:00:00-04:00,198.46926527063275,203.03751141529668,195.0480765036067,201.1124725341797,4518500
2025-04-01 00:00:00-04:00,200.43421320852136,207.22673136397205,197.58155343834304,206.40884399414065,2863100
2025-04-02 00:00:00-04:00,202.30937766036396,214.7872615057757,201.7508175038404,213.90953063964844,3179100
2025-04-03 00:00:00-04:00,199.9554308999722,203.5232452466616,189.29286776595055,189.75169372558597,5557500
2025-04-04 00:00:00-04:00,179.6078119391963,182.5203151915921,164.65628210038108,170.5211944580078,9358600
2025-04-07 00:00:00-04:00,161.1153819058643,189.30283836618136,160.93585123714698,179.32850646972656,7458400
2025-04-08 00:00:00-04:00,188.4550343800833,192.80384381325663,181.52287656861807,184.46530151367188,6895700
2025-04-09 00:00:00-04:00,185.6522533139644,217.34069630230243,182.1412840574569,214.89698791503903,7984300
2025-04-10 00:00:00-04:00,208.4635522092859,210.9322056259296,199.03781090690563,203.9651336669922,4048600
2025-04-11 00:00:00-04:00,203.96512590882807,207.99474944612336,197.4917787915948,207.7154693603516,2960700
2025-04-14 00:00:00-04:00,214.4182101870951,216.65246597127955,203.3466958908369,206.16943359375,3427300
2025-04-15 00:00:00-04:00,206.06971964621573,211.45585321574848,205.82036132874435,207.88504028320312,1986000
2025-04-16 00:00:00-04:00,204.52368674079165,206.86764569820397,200.9229521737249,203.6658935546875,2433300
2025-04-17 00:00:00-04:00,207.8152172251119,208.2840120555184,203.0813969770549,206.1494903564453,1962800
2025-04-21 00:00:00-04:00,202.96767818219877,204.3441255867027,187.52341444427103,192.1156005859375,3290900
2025-04-22 00:00:00-04:00,197.0429406091361,201.90043564238772,195.34730713642776,200.3643951416016,2457800
2025-04-23 00:00:00-04:00,212.70263138831777,216.7821295521533,207.7354182790557,209.2614898681641,2976100
2025-04-24 00:00:00-04:00,209.03208681163525,219.6248227170204,209.03208681163525,217.51026916503903,2336500
2025-04-25 00:00:00-04:00,217.55015420735523,223.37018358175573,215.9442861587753,222.41763305664065,2710400
2025-04-28 00:00:00-04:00,221.7693050227689,224.911228890208,219.126112999662,224.24295043945312,2396300
2025-04-29 00:00:00-04:00,223.73423746860567,226.7764117563732,219.9340194319283,225.8687438964844,2038900
2025-04-30 00:00:00-04:00,218.9864559074878,223.30035133149727,216.1936399825887,222.8664703369141,2185200
2025-05-01 00:00:00-04:00,231.60398199121892,243.35374366647423,229.7188338846015,239.9973907470703,4557800
2025-05-02 00:00:00-04:00,243.6529889207448,249.99666489091695,240.94296757541676,246.62533569335935,3316000
2025-05-05 00:00:00-04:00,242.64558533113149,249.3583066856137,240.8402336258673,247.63275146484372,3117800
2025-05-06 00:00:00-04:00,258.16564196340045,279.1716148031593,255.46260630288495,273.1171875,7195600
2025-05-07 00:00:00-04:00,276.64806653323166,277.8050927347122,263.9806827542007,267.4317932128906,5165600
2025-05-08 00:00:00-04:00,271.05247294566306,273.2767599467311,264.38962645429444,269.8954467773437,2862300
2025-05-09 00:00:00-04:00,271.3716773795469,274.24429007065754,265.3770936795452,270.6734619140625,3245900
2025-05-12 00:00:00-04:00,285.6249745403803,291.2405286805348,282.7224705320095,284.5477600097656,4744900
2025-05-13 00:00:00-04:00,279.7500739773746,295.40978645017674,278.4733607758173,290.7716979980469,3651100
2025-05-14 00:00:00-04:00,290.771714879527,291.2504937726241,282.2037673626925,287.4103698730469,3129300
2025-05-15 00:00:00-04:00,283.8794353495082,287.978901440861,282.55286264795376,283.66998291015625,2187300
2025-05-16 00:00:00-04:00,286.24489576700336,290.81939777770066,283.8577895624447,290.7694396972656,2104900
2025-05-19 00:00:00-04:00,283.00881958592856,294.01553924511154,281.6604390475136,293.6659545898437,1972700
2025-05-20 00:00:00-04:00,292.20772359800657,292.6771588862757,289.32121932141405,292.04791259765625,1481300
2025-05-21 00:00:00-04:00,287.9228585116602,291.85512933851567,284.8665457573442,286.7642517089844,2040900
2025-05-22 00:00:00-04:00,284.8465820312142,294.84453793229164,282.37955513929234,291.1190185546875,2390800
2025-05-23 00:00:00-04:00,298.28538291796855,302.2356376702328,292.7570440958192,297.1317749023437,5373300
2025-05-27 00:00:00-04:00,303.49408520333293,309.88640287746694,295.90826016281585,308.6878356933594,3611500
2025-05-28 00:00:00-04:00,309.0773851929377,312.7079873480453,306.2907362618869,307.6790466308594,2512000
2025-05-29 00:00:00-04:00,313.502054106635,314.1213026721718,299.73864816903983,303.00469970703125,2710600
2025-05-30 00:00:00-04:00,301.07702166199914,306.1309261943099,298.8996540374193,305.7813415527344,3656100
2025-06-02 00:00:00-04:00,306.5204787525132,313.5220170645954,304.2032650219084,313.0525817871094,2097100
2025-06-03 00:00:00-04:00,341.58819431926344,341.58819431926344,309.12732790003514,312.653076171875,10696100
2025-06-04 00:00:00-04:00,303.6339423026864,310.03622744117627,298.5800376751937,299.1793212890625,4966800
2025-06-05 00:00:00-04:00,298.8746604593288,301.63634560535513,289.0115514763722,289.53094482421875,4673800
2025-06-06 00:00:00-04:00,293.2264700297882,299.4090187333339,285.6556109551982,298.440185546875,3735300
2025-06-09 00:00:00-04:00,300.33292116612864,308.44813733213465,296.6523609496126,299.2991638183594,2997400
2025-06-10 00:00:00-04:00,299.63875331986947,300.1381512420693,287.3635438575664,290.6695556640625,3374300
2025-06-11 00:00:00-04:00,296.4725622316912,298.11060207576,289.4510285428218,291.8381652832031,2751400
2025-06-12 00:00:00-04:00,289.7606573776799,300.95718111014924,288.73189884313445,300.018310546875,2084000
2025-06-13 00:00:00-04:00,297.00193655341286,299.5888447781026,293.73588490755776,296.53253173828125,1525900
2025-06-16 00:00:00-04:00,299.6387648629647,309.5867633217823,299.6387648629647,307.6391296386719,2592700
2025-06-17 00:00:00-04:00,307.4493515438837,313.16246513069194,302.33552157431603,305.3319091796875,2158100
2025-06-18 00:00:00-04:00,304.63273389025784,309.166269711134,302.8848411548219,306.0610046386719,1451500
2025-06-20 00:00:00-04:00,307.1596990895956,307.82890574802167,302.3255306356486,304.5528564453125,4194800
2025-06-23 00:00:00-04:00,305.63154271246003,315.4097630221092,304.32312253343207,314.8304443359375,2314500
2025-06-24 00:00:00-04:00,317.5571692107573,323.9194941832911,316.46848534319514,320.2738952636719,2385000
2025-06-25 00:00:00-04:00,321.6222821367474,323.25032435408644,314.4758985887389,314.76055908203125,2263900
2025-06-26 00:00:00-04:00,316.6182984532185,323.2153563073384,314.3510427465425,322.1216735839844,2192400
2025-06-27 00:00:00-04:00,327.5101562326668,328.0445156770632,317.4173130641104,319.78448486328125,3689700
2025-06-30 00:00:00-04:00,323.609865547172,324.3489647454816,317.83682657238467,322.3713684082031,1968000
2025-07-01 00:00:00-04:00,320.3387981191576,320.3387981191576,301.8860390956403,307.5492248535156,3553000
2025-07-02 00:00:00-04:00,306.51047166459625,309.9463317860317,302.6451366481888,306.2607727050781,2106500
2025-07-03 00:00:00-04:00,307.8288941421068,313.5619725854886,306.07898966423176,311.50445556640625,1465800
2025-07-07 00:00:00-04:00,309.6267247106368,320.024193543297,308.7178167965284,317.8667907714844,2002100
2025-07-08 00:00:00-04:00,320.2988419482219,320.2988419482219,307.37942017869034,312.4632873535156,1793000
2025-07-09 00:00:00-04:00,312.84284925976044,319.36998404556454,309.8764242531561,316.7281494140625,1685700
2025-07-10 00:00:00-04:00,315.87917568261685,316.97782669959,306.8650190254339,313.2423400878906,1745800
2025-07-11 00:00:00-04:00,310.4357413911772,322.61106546435093,309.37202135295985,321.15283203125,2015600
2025-07-14 00:00:00-04:00,321.6921472768427,326.1567658528729,313.50703862147884,325.5974426269531,2000100
2025-07-15 00:00:00-04:00,327.18553483382965,327.59504479466324,313.82167181350314,317.6070861816406,2742400
2025-07-16 00:00:00-04:00,318.2463211628031,321.6122582432609,301.00709533043226,307.8288879394531,2952800
2025-07-17 00:00:00-04:00,311.44453213297294,314.4409197105905,304.6427347702474,307.7090148925781,1984900
2025-07-18 00:00:00-04:00,311.4045824577654,326.6162548889464,310.5456326201503,321.0329895019531,3532900
2025-07-21 00:00:00-04:00,324.02935615464486,325.24788828487783,316.2686930580052,317.4972229003906,1937600
2025-07-22 00:00:00-04:00,317.6170872312571,318.35819815736966,311.02002952494263,317.4073486328125,1780100
2025-07-23 00:00:00-04:00,328.99339275027154,342.81672420648994,322.41130101379287,323.31024169921875,3821400
2025-07-24 00:00:00-04:00,324.68855145590754,326.5263626993546,320.50959900147046,321.2826843261719,1818100
2025-07-25 00:00:00-04:00,322.1116748962043,327.88471392782395,320.64344371697905,326.9558410644531,1383900
2025-07-28 00:00:00-04:00,329.6875236202031,331.60022623083586,322.11166554049566,328.2642517089844,1701400
2025-07-29 00:00:00-04:00,331.60023817967794,338.83151072828423,328.30422390817654,330.1220092773437,2696000
2025-07-30 00:00:00-04:00,331.10083953173324,347.71581901594743,331.10083953173324,344.854248046875,3026600
2025-07-31 00:00:00-04:00,349.05918239241805,353.5837263446668,343.86043295724505,347.421142578125,3581100
2025-08-01 00:00:00-04:00,336.02987819801007,342.9665226677492,326.61623953654043,340.3596496582031,2871900
2025-08-04 00:00:00-04:00,344.71441966505466,356.5701216334699,344.1610706653359,354.4626770019531,2899300
2025-08-05 00:00:00-04:00,351.60611572481287,353.3510214097604,338.55184613500865,343.15631103515625,3380500
2025-08-06 00:00:00-04:00,343.20621935667214,343.6456919617842,331.8998432084797,338.05242919921875,2946500
2025-08-07 00:00:00-04:00,334.856304206354,344.8342649278817,321.6122615692336,336.0049133300781,3632000
2025-08-08 00:00:00-04:00,338.3021485140262,341.7879669089077,331.84993557738767,335.3607177734375,1961000
2025-08-11 00:00:00-04:00,335.8351005104403,337.8926174841333,327.60503261566834,331.0908203125,1829800
2025-08-12 00:00:00-04:00,332.648950320902,339.3209298580145,330.52154073442847,338.1623229980469,1890600
2025-08-13 00:00:00-04:00,339.3559020972898,342.3372932148386,322.1116763290604,327.2355041503906,2788100
2025-08-14 00:00:00-04:00,325.0481378425534,333.18831827399066,322.87077011130566,325.81719970703125,2020700
2025-08-15 00:00:00-04:00,327.4951988912189,327.54113350443043,319.29506269091644,321.8420104980469,1749100
2025-08-18 00:00:00-04:00,322.07000732421875,326.0,319.7799987792969,322.7699890136719,1860300
2025-08-19 00:00:00-04:00,320.8500061035156,321.79901123046875,313.8500061035156,317.2349853515625,2122300
2025-08-20 00:00:00-04:00,313.92498779296875,315.5299987792969,304.7799987792969,314.2099914550781,2638500
2025-08-21 00:00:00-04:00,314.9800109863281,318.20001220703125,310.70001220703125,312.5199890136719,1622600
2025-08-22 00:00:00-04:00,313.9200134277344,318.0,309.20001220703125,310.1600036621094,1856300
2025-08-25 00:00:00-04:00,310.4100036621094,317.6199951171875,309.9849853515625,310.67999267578125,1386200
2025-08-26 00:00:00-04:00,310.7699890136719,318.4800109863281,310.3099975585937,316.5799865722656,1674000
2025-08-27 00:00:00-04:00,316.3500061035156,319.489990234375,314.1400146484375,315.94000244140625,1369900
2025-08-28 00:00:00-04:00,317.29998779296875,323.9700012207031,315.79998779296875,319.54998779296875,1751500
2025-08-29 00:00:00-04:00,317.3500061035156,317.989990234375,305.8900146484375,307.9800109863281,2326300
2025-09-02 00:00:00-04:00,300.489990234375,307.4549865722656,296.989990234375,307.19000244140625,2426900
2025-09-03 00:00:00-04:00,306.5199890136719,309.5899963378906,303.9200134277344,308.4800109863281,1374400
2025-09-04 00:00:00-04:00,310.0,312.1600036621094,307.25,309.0599975585937,1757700
2025-09-05 00:00:00-04:00,311.04998779296875,312.989990234375,293.1549987792969,301.5799865722656,2821200
2025-09-08 00:00:00-04:00,304.2099914550781,304.7900085449219,296.3599853515625,298.82000732421875,2333700
2025-09-09 00:00:00-04:00,300.6099853515625,305.29998779296875,296.3500061035156,300.82000732421875,2081600
2025-09-10 00:00:00-04:00,308.5,328.3009948730469,308.5,320.0,4040700
2025-09-11 00:00:00-04:00,320.010009765625,322.260986328125,316.1099853515625,318.0,2263800
2025-09-12 00:00:00-04:00,318.0599975585937,325.4100036621094,315.281005859375,323.4800109863281,1414800
2025-09-15 00:00:00-04:00,325.75,334.8599853515625,324.6099853515625,330.4200134277344,2049300
2025-09-16 00:00:00-04:00,332.0400085449219,332.8599853515625,321.50799560546875,322.9100036621094,2374000
2025-09-17 00:00:00-04:00,322.5299987792969,326.1694030761719,316.1838073730469,321.2749938964844,1523004
2025-09-18 00:00:00-04:00,322.7099914550781,330.1300048828125,319.5899963378906,325.17999267578125,1731900
